Timestamp,X,Y,Z
12-Mar-2025 11:57:13.548,0.005639,-0.00905,-0.055596
12-Mar-2025 11:57:13.648,-0.060012,-0.226203,-0.086277
12-Mar-2025 11:57:13.747,0.259195,-0.327434,-0.189626
12-Mar-2025 11:57:13.847,0.402752,-0.191655,-0.368251
12-Mar-2025 11:57:13.946,0.347896,-0.415266,-0.295724
12-Mar-2025 11:57:14.046,0.4747,-0.531227,-0.49672
12-Mar-2025 11:57:14.146,-0.256888,-0.668146,-0.7022
12-Mar-2025 11:57:14.244,-0.691311,-1.348407,-0.636032
12-Mar-2025 11:57:14.345,0.3477,-1.216332,-0.5953
12-Mar-2025 11:57:14.444,-0.13029,-1.968491,-0.94755
12-Mar-2025 11:57:14.544,0.104031,-1.70782,-0.79626
12-Mar-2025 11:57:14.643,-0.598233,-0.484014,-0.660346
12-Mar-2025 11:57:14.743,-1.15772,-0.85895,-0.564915
12-Mar-2025 11:57:14.843,0.801339,-0.514165,-0.550825
12-Mar-2025 11:57:14.942,0.42241,-0.410253,-0.456015
12-Mar-2025 11:57:15.042,0.966062,-0.720096,0.062482
12-Mar-2025 11:57:15.141,0.439554,-0.692321,-0.18275
12-Mar-2025 11:57:15.241,-0.201271,-0.458242,-0.964919
12-Mar-2025 11:57:15.341,-0.609878,-0.770281,-0.605667
12-Mar-2025 11:57:15.440,-0.471489,-0.097011,-0.885392
12-Mar-2025 11:57:15.540,-0.321045,0.298695,-1.1576
12-Mar-2025 11:57:15.639,0.055118,0.733444,-0.839684
12-Mar-2025 11:57:15.739,-0.108513,1.641116,-1.22853
12-Mar-2025 11:57:15.838,0.503584,1.211679,-0.778297
12-Mar-2025 11:57:15.938,-0.052874,1.093495,-0.888163
12-Mar-2025 11:57:16.038,-0.303907,0.082027,0.06987
12-Mar-2025 11:57:16.137,0.333813,1.8954,-0.212037
12-Mar-2025 11:57:16.237,0.299123,0.77605,0.141307
12-Mar-2025 11:57:16.336,0.052423,1.095726,-0.024637
12-Mar-2025 11:57:16.436,-0.315172,1.193233,-0.266785
12-Mar-2025 11:57:16.536,-1.05214,1.233551,-0.027176
12-Mar-2025 11:57:16.635,0.472279,0.238524,0.493503
12-Mar-2025 11:57:16.735,0.82572,-0.06953,1.310738
12-Mar-2025 11:57:16.834,0.646257,-0.411221,1.610334
12-Mar-2025 11:57:16.934,0.814721,-0.765616,1.026621
12-Mar-2025 11:57:17.033,1.276383,-0.571709,0.168302
12-Mar-2025 11:57:17.133,2.585463,0.239699,0.824115
12-Mar-2025 11:57:17.233,1.995314,-0.101764,0.884534
12-Mar-2025 11:57:17.332,0.542253,-0.245238,0.649927
12-Mar-2025 11:57:17.432,0.274351,-0.312346,0.478247
12-Mar-2025 11:57:17.531,0.246394,-0.094421,0.570682
12-Mar-2025 11:57:17.631,-1.587945,-0.379298,0.352006
12-Mar-2025 11:57:17.730,-0.358147,0.15051,0.492394
12-Mar-2025 11:57:17.830,-0.506399,-0.075802,0.774361
12-Mar-2025 11:57:17.930,0.032799,0.001405,0.006091
12-Mar-2025 11:57:18.029,-0.069358,-0.001337,0.011337
12-Mar-2025 11:57:18.129,-0.046829,-0.009691,0.009759
12-Mar-2025 11:57:18.227,-0.026867,-0.001709,0.007453
12-Mar-2025 11:57:18.328,-0.212498,-0.008335,-0.002169
12-Mar-2025 11:57:18.428,-0.20423,0.007634,-0.152703
12-Mar-2025 11:57:18.527,-0.052346,0.000957,-0.084699
12-Mar-2025 11:57:18.627,-0.130408,-0.006638,0.227862
12-Mar-2025 11:57:18.726,-0.006455,-0.011671,0.034768
12-Mar-2025 11:57:18.826,-0.054282,-0.001232,-0.323401
12-Mar-2025 11:57:18.926,-0.009328,-0.01044,0.027912
12-Mar-2025 11:57:19.025,-0.074534,-0.019939,0.344479
12-Mar-2025 11:57:19.125,-0.000924,-0.00333,0.009858
12-Mar-2025 11:57:19.224,0.010784,-0.003078,0.003931
12-Mar-2025 11:57:19.324,0.004585,-0.007976,0.004475
12-Mar-2025 11:57:19.423,0.002233,-0.011082,0.005397
12-Mar-2025 11:57:19.523,-0.008726,-0.002018,0.005282
12-Mar-2025 11:57:19.623,-0.006053,-0.003415,0.004985
12-Mar-2025 11:57:19.722,0.010005,-0.008423,0.004324
12-Mar-2025 11:57:19.822,0.003229,-0.007699,0.00576
12-Mar-2025 11:57:19.921,-0.001426,-0.003858,0.006812
12-Mar-2025 11:57:20.021,-0.006052,-0.005609,0.002429
12-Mar-2025 11:57:20.121,-0.002335,-0.005184,-0.002684
12-Mar-2025 11:57:20.220,-0.02958,-0.014105,-0.158557
12-Mar-2025 11:57:20.320,-0.000393,-0.002472,0.114803
12-Mar-2025 11:57:20.419,-0.007004,-0.011837,0.080166
12-Mar-2025 11:57:20.519,0.001196,-0.005505,0.013945
12-Mar-2025 11:57:20.618,0.002016,-0.007691,0.006521
12-Mar-2025 11:57:20.718,0.00728,-0.0032,0.005645
12-Mar-2025 11:57:20.818,-0.000895,-0.006112,0.00501
12-Mar-2025 11:57:20.917,-0.004235,-0.003281,0.005933
12-Mar-2025 11:57:21.017,0.000261,-0.0031,0.003452
12-Mar-2025 11:57:21.116,-0.001529,-0.008261,0.001101
12-Mar-2025 11:57:21.216,0.000878,-0.002266,0.010511
12-Mar-2025 11:57:21.316,0.001996,-0.000501,0.007778
12-Mar-2025 11:57:21.415,-0.001535,-0.003773,0.006343
12-Mar-2025 11:57:21.515,0.001339,-0.005124,0.006013
12-Mar-2025 11:57:21.614,-0.001091,-0.005069,0.004417
12-Mar-2025 11:57:21.714,0.001901,-0.006428,0.004521
12-Mar-2025 11:57:21.813,0.000557,-0.004273,0.005567
12-Mar-2025 11:57:21.913,0.005023,-0.00532,0.006981
12-Mar-2025 11:57:22.013,-0.001513,-0.00764,0.004671
12-Mar-2025 11:57:22.112,-0.003259,-0.002591,0.004679
12-Mar-2025 11:57:22.212,-0.002813,-0.005223,0.009364
12-Mar-2025 11:57:22.311,0.00301,-0.003881,0.008528
12-Mar-2025 11:57:22.411,0.002575,-0.003355,0.004879
12-Mar-2025 11:57:22.511,-0.000657,-0.004698,0.004283
12-Mar-2025 11:57:22.610,-0.000248,-0.002765,0.004144
12-Mar-2025 11:57:22.710,-0.003205,-0.005752,0.005477
12-Mar-2025 11:57:22.809,0.001902,-0.007388,0.005563
12-Mar-2025 11:57:22.909,-0.001861,-0.005707,0.007557
12-Mar-2025 11:57:23.008,-0.002382,-0.004907,0.004217
12-Mar-2025 11:57:23.108,0.001424,-0.005316,0.005266
12-Mar-2025 11:57:23.208,0.001572,-0.006742,0.00587
12-Mar-2025 11:57:23.307,0.001978,-0.00518,0.006555
12-Mar-2025 11:57:23.407,-0.003988,-0.004435,0.00577
12-Mar-2025 11:57:23.506,-0.000152,-0.004234,0.005829
12-Mar-2025 11:57:23.606,-0.000561,-0.006318,0.003454
12-Mar-2025 11:57:23.706,0.001272,-0.006801,0.006024
12-Mar-2025 11:57:23.805,0.002736,-0.004107,0.007868
12-Mar-2025 11:57:23.905,-0.00482,-0.003765,0.002713
12-Mar-2025 11:57:24.004,-0.000146,-0.005443,0.005633
12-Mar-2025 11:57:24.104,0.004229,-0.007425,0.007348
12-Mar-2025 11:57:24.203,0.00068,-0.00658,0.00633
12-Mar-2025 11:57:24.303,-0.000864,-0.005205,0.005071
12-Mar-2025 11:57:24.403,0.001805,-0.006885,0.003995
12-Mar-2025 11:57:24.502,0.00415,-0.007675,0.004956
12-Mar-2025 11:57:24.602,-0.001514,-0.00474,0.004717
12-Mar-2025 11:57:24.701,0.002586,-0.002429,0.003764
12-Mar-2025 11:57:24.801,-0.001074,-0.006686,0.003907
12-Mar-2025 11:57:24.901,0.001127,-0.005642,0.00586
12-Mar-2025 11:57:25.000,0.004813,-0.005541,0.005124
12-Mar-2025 11:57:25.100,-0.001316,-0.004432,0.006992
12-Mar-2025 11:57:25.199,-5.5e-05,-0.005744,0.005268
12-Mar-2025 11:57:25.299,0.004191,-0.006408,0.004281
12-Mar-2025 11:57:25.398,-0.001115,-0.003136,0.005305
12-Mar-2025 11:57:25.498,-0.002541,-0.0079,0.004937
12-Mar-2025 11:57:25.598,-0.000214,-0.001574,0.006062
12-Mar-2025 11:57:25.697,-0.002527,-0.004851,0.006857
12-Mar-2025 11:57:25.797,0.002364,-0.006654,0.004334
12-Mar-2025 11:57:25.896,-0.000496,-0.0049,0.003532
12-Mar-2025 11:57:25.996,-0.002173,-0.004283,0.008197
12-Mar-2025 11:57:26.095,-5.6e-05,-0.004187,0.00448
12-Mar-2025 11:57:26.195,-0.001201,-0.004939,0.002607
12-Mar-2025 11:57:26.295,0.001749,-0.00576,0.004538
12-Mar-2025 11:57:26.394,-0.001341,-0.003806,0.003912
12-Mar-2025 11:57:26.494,0.001419,-0.004465,0.003514
12-Mar-2025 11:57:26.593,0.002846,-0.004866,0.006886
12-Mar-2025 11:57:26.693,-0.003528,-0.00386,0.006354
12-Mar-2025 11:57:26.793,-0.004103,-0.006887,0.004234
12-Mar-2025 11:57:26.892,8.4e-05,-0.000867,0.002377
12-Mar-2025 11:57:26.992,-0.001285,-0.007603,0.005793
12-Mar-2025 11:57:27.091,-0.000758,-0.007708,0.005179
12-Mar-2025 11:57:27.191,-0.000694,-0.003219,0.004682
12-Mar-2025 11:57:27.290,0.000479,-0.004471,0.004045
12-Mar-2025 11:57:27.390,0.000631,-0.004686,0.005132
12-Mar-2025 11:57:27.490,0.000261,-0.004222,0.002845
12-Mar-2025 11:57:27.589,0.001025,-0.006531,0.003173
12-Mar-2025 11:57:27.689,-0.003531,-0.006046,0.005428
12-Mar-2025 11:57:27.788,0.001553,-0.000741,0.003704
12-Mar-2025 11:57:27.888,0.000696,-0.002037,0.004583
12-Mar-2025 11:57:27.988,-0.000562,-0.003918,0.006938
12-Mar-2025 11:57:28.087,0.00405,-0.005995,0.008081
12-Mar-2025 11:57:28.187,0.000476,-0.006472,0.007397
12-Mar-2025 11:57:28.286,-0.004957,-0.007198,0.004357
12-Mar-2025 11:57:28.386,-0.000953,-0.004415,3.8e-05
12-Mar-2025 11:57:28.485,0.000826,-0.008598,0.002146
12-Mar-2025 11:57:28.585,0.002574,-0.005237,0.008023
12-Mar-2025 11:57:28.685,0.000447,-0.002479,0.006441
12-Mar-2025 11:57:28.784,-0.001671,-0.005998,0.008315
12-Mar-2025 11:57:28.884,0.001896,-0.004856,0.001505
12-Mar-2025 11:57:28.983,0.002567,-0.004897,0.001023
12-Mar-2025 11:57:29.083,-0.000681,-0.005424,0.00353
12-Mar-2025 11:57:29.183,0.000652,-0.005357,0.006713
12-Mar-2025 11:57:29.282,0.002506,-0.003806,0.007094
12-Mar-2025 11:57:29.382,0.000471,-0.006581,0.008929
12-Mar-2025 11:57:29.481,-0.003298,-0.003881,0.006862
12-Mar-2025 11:57:29.581,-0.002946,-0.00287,-0.00039
12-Mar-2025 11:57:29.680,0.002897,-0.003989,0.006946
12-Mar-2025 11:57:29.780,0.001665,-0.005925,0.008437
12-Mar-2025 11:57:29.880,-0.001817,-0.005614,0.00643
12-Mar-2025 11:57:29.979,-0.002868,-0.002517,0.003634
12-Mar-2025 11:57:30.079,0.004232,-0.007322,0.004189
12-Mar-2025 11:57:30.178,0.004679,-0.008679,0.007541
12-Mar-2025 11:57:30.278,-0.004022,-0.002304,0.004018
12-Mar-2025 11:57:30.378,-0.002073,-0.004601,0.006161
12-Mar-2025 11:57:30.477,0.000935,-0.008458,0.006205
12-Mar-2025 11:57:30.577,-0.001949,-0.004515,0.003241
12-Mar-2025 11:57:30.676,0.001476,-0.003972,0.005224
12-Mar-2025 11:57:30.776,-0.00082,-0.004651,0.01159
12-Mar-2025 11:57:30.875,0.0029,-0.003942,0.011051
12-Mar-2025 11:57:30.975,-0.004091,-0.006755,0.006537
12-Mar-2025 11:57:31.075,0.000267,-0.004998,0.004205
12-Mar-2025 11:57:31.174,-0.003624,-0.008557,0.004304
12-Mar-2025 11:57:31.274,0.002313,-0.003092,0.002179
12-Mar-2025 11:57:31.373,-0.000566,-0.004684,0.003513
12-Mar-2025 11:57:31.473,-0.004703,-0.002455,0.005649
12-Mar-2025 11:57:31.573,0.004458,-0.005471,0.006466
12-Mar-2025 11:57:31.672,-0.003872,-0.006223,0.00686
12-Mar-2025 11:57:31.772,0.003538,-0.00656,0.004637
12-Mar-2025 11:57:31.871,-0.00023,-0.006312,0.003406
12-Mar-2025 11:57:31.971,0.001565,-0.005405,0.004454
12-Mar-2025 11:57:32.070,0.00073,-0.005457,0.004695
12-Mar-2025 11:57:32.170,0.000198,-0.00526,0.007763
12-Mar-2025 11:57:32.270,0.006851,-0.006166,0.006522
12-Mar-2025 11:57:32.369,-0.003977,-0.007328,0.007989
12-Mar-2025 11:57:32.469,0.000321,-0.005962,0.003352
12-Mar-2025 11:57:32.568,-0.00287,-0.005896,0.008259
12-Mar-2025 11:57:32.668,0.00095,-0.005526,0.005336
12-Mar-2025 11:57:32.768,0.003858,-0.004852,0.009126
12-Mar-2025 11:57:32.867,0.003262,-0.006353,0.00641
12-Mar-2025 11:57:32.967,-0.004276,-0.003229,0.002978
12-Mar-2025 11:57:33.066,0.003173,-0.006102,0.003986
12-Mar-2025 11:57:33.166,0.000437,-0.004005,0.006022
12-Mar-2025 11:57:33.265,0.003629,-0.005585,0.005468
12-Mar-2025 11:57:33.365,-0.001082,-0.001988,0.005027
12-Mar-2025 11:57:33.465,-0.004762,-0.006842,0.003257
12-Mar-2025 11:57:33.564,0.004804,-0.004432,0.005789
12-Mar-2025 11:57:33.664,0.002949,-0.006769,0.004928
12-Mar-2025 11:57:33.763,0.002366,-0.001739,0.005477
12-Mar-2025 11:57:33.863,0.000174,-0.004976,0.003778
12-Mar-2025 11:57:33.963,0.001451,-0.004032,0.003962
12-Mar-2025 11:57:34.062,-0.005141,-0.006284,0.005789
12-Mar-2025 11:57:34.162,0.003133,-0.005825,0.006244
12-Mar-2025 11:57:34.261,0.003367,-0.007001,0.005368
12-Mar-2025 11:57:34.361,-0.001492,-0.004048,0.006002
12-Mar-2025 11:57:34.460,-0.000492,-0.005188,0.005204
12-Mar-2025 11:57:34.560,0.001296,-0.005217,0.005013
12-Mar-2025 11:57:34.660,0.003344,-0.003029,0.003202
12-Mar-2025 11:57:34.759,-0.001624,-0.000972,0.003221
12-Mar-2025 11:57:34.859,-0.001414,-0.007158,0.004321
12-Mar-2025 11:57:34.958,0.001152,-0.003227,0.003427
12-Mar-2025 11:57:35.058,-0.004862,-0.006079,0.004911
12-Mar-2025 11:57:35.158,0.000149,-0.005569,0.004878
12-Mar-2025 11:57:35.257,0.002422,-0.008581,0.004428
12-Mar-2025 11:57:35.357,0.003617,-0.005134,0.004428
12-Mar-2025 11:57:35.456,-0.003306,-0.003933,0.005319
12-Mar-2025 11:57:35.556,-0.003287,-0.003851,0.006381
12-Mar-2025 11:57:35.655,-0.000757,-0.003616,0.005976
12-Mar-2025 11:57:35.755,-0.001612,-0.005845,0.005419
12-Mar-2025 11:57:35.855,0.001674,-0.003444,0.006215
12-Mar-2025 11:57:35.954,-0.001654,-0.005254,0.006146
12-Mar-2025 11:57:36.054,-0.001141,-0.00393,0.006465
12-Mar-2025 11:57:36.153,0.002042,-0.003758,0.006677
12-Mar-2025 11:57:36.253,-0.002388,-0.005483,0.005089
12-Mar-2025 11:57:36.353,-0.001509,-0.004102,0.004306
12-Mar-2025 11:57:36.452,-0.00101,-0.005828,0.005633
12-Mar-2025 11:57:36.552,0.000186,-0.007576,0.006339
12-Mar-2025 11:57:36.651,0.001642,-0.004404,0.007152
12-Mar-2025 11:57:36.751,-0.003649,-0.006526,0.004102
12-Mar-2025 11:57:36.850,-0.003724,-0.002705,0.003975
12-Mar-2025 11:57:36.950,0.003161,-0.004262,0.005902
12-Mar-2025 11:57:37.050,0.000952,-0.006989,0.005682
12-Mar-2025 11:57:37.149,-0.000159,-0.003346,0.003386
12-Mar-2025 11:57:37.249,-0.002229,-0.006331,0.005888
12-Mar-2025 11:57:37.348,-0.000292,-0.004812,0.006342
12-Mar-2025 11:57:37.448,0.002327,-0.004277,0.00635
12-Mar-2025 11:57:37.548,-0.000367,-0.003226,0.004657
12-Mar-2025 11:57:37.647,5e-05,-0.006744,0.002592
12-Mar-2025 11:57:37.747,0.001972,-0.00509,0.004834
12-Mar-2025 11:57:37.846,-0.001275,-0.006596,0.005515
12-Mar-2025 11:57:37.946,0.003808,-0.002811,0.005989
12-Mar-2025 11:57:38.045,0.001882,-0.005329,0.005142
12-Mar-2025 11:57:38.145,-0.000507,-0.004446,0.00358
12-Mar-2025 11:57:38.245,-0.001816,-0.005556,0.007111
12-Mar-2025 11:57:38.344,-0.000413,-0.004815,0.006858
12-Mar-2025 11:57:38.444,0.002625,-0.003844,0.005156
12-Mar-2025 11:57:38.543,-0.001286,-0.003257,0.005383
12-Mar-2025 11:57:38.643,-0.001177,-0.00645,0.0036
12-Mar-2025 11:57:38.743,8.4e-05,-0.007828,0.005026
12-Mar-2025 11:57:38.842,-0.002078,-0.005799,0.004616
12-Mar-2025 11:57:38.942,-0.000825,-0.002931,0.005455
12-Mar-2025 11:57:39.041,0.000798,-0.005155,0.004777
12-Mar-2025 11:57:39.141,0.003421,-0.005362,0.004715
12-Mar-2025 11:57:39.240,-0.002469,-0.005637,0.003889
12-Mar-2025 11:57:39.340,0.000539,-0.005923,0.00574
12-Mar-2025 11:57:39.440,-0.002633,-0.004714,0.005675
12-Mar-2025 11:57:39.539,0.001526,-0.006495,0.005183
12-Mar-2025 11:57:39.639,-0.003547,-0.004002,0.004227
12-Mar-2025 11:57:39.738,0.002552,-0.005178,0.005733
12-Mar-2025 11:57:39.838,-0.000845,-0.005789,0.003004
12-Mar-2025 11:57:39.938,0.00085,-0.00666,0.003706
12-Mar-2025 11:57:40.037,0.000553,-0.004817,0.0065
12-Mar-2025 11:57:40.137,0.004556,-0.006865,0.007342
12-Mar-2025 11:57:40.236,0.00299,-0.005805,0.005912
12-Mar-2025 11:57:40.336,6.7e-05,-0.006032,0.00414
12-Mar-2025 11:57:40.435,-0.002294,-0.005722,0.005837
12-Mar-2025 11:57:40.535,0.001778,-0.00378,0.006751
12-Mar-2025 11:57:40.635,0.001994,-0.004738,0.00602
12-Mar-2025 11:57:40.734,-0.001152,-0.004349,0.004688
12-Mar-2025 11:57:40.834,0.000273,-0.00609,0.005372
12-Mar-2025 11:57:40.933,-0.003239,-0.005417,0.00367
12-Mar-2025 11:57:41.033,-0.000982,-0.005025,0.005167
12-Mar-2025 11:57:41.133,-0.001595,-0.005775,0.007018
12-Mar-2025 11:57:41.232,0.004067,-0.004442,0.004584
12-Mar-2025 11:57:41.332,-0.00225,-0.004347,0.006002
12-Mar-2025 11:57:41.431,0.001414,-0.004546,0.008188
12-Mar-2025 11:57:41.531,-0.004994,-0.003287,0.005463
12-Mar-2025 11:57:41.630,-0.007829,-0.002452,0.003729
12-Mar-2025 11:57:41.730,0.004446,-0.005457,-0.002894
12-Mar-2025 11:57:41.830,0.007125,-0.009389,0.006285
12-Mar-2025 11:57:41.929,0.003397,-0.010669,0.010884
12-Mar-2025 11:57:42.029,-0.001909,0.006629,0.008832
12-Mar-2025 11:57:42.128,0.003106,-0.009844,0.007471
12-Mar-2025 11:57:42.228,-0.004167,-0.010097,0.017441
12-Mar-2025 11:57:42.328,-0.003567,-0.010407,0.001272
12-Mar-2025 11:57:42.427,-0.004342,-0.006898,-0.012477
12-Mar-2025 11:57:42.527,-0.001495,-0.012224,-0.012343
12-Mar-2025 11:57:42.626,0.00609,-0.0062,0.000937
12-Mar-2025 11:57:42.726,0.00985,0.004948,0.020111
12-Mar-2025 11:57:42.825,0.000809,-0.00753,0.024328
12-Mar-2025 11:57:42.925,-0.013863,-0.010807,0.013923
12-Mar-2025 11:57:43.025,-0.001725,-0.003055,-0.001541
12-Mar-2025 11:57:43.124,0.002503,0.001764,-0.011297
12-Mar-2025 11:57:43.224,0.008892,-0.011525,-0.002802
12-Mar-2025 11:57:43.323,0.002729,-0.009743,0.006941
12-Mar-2025 11:57:43.423,-0.006195,0.000381,0.013778
12-Mar-2025 11:57:43.523,-0.002536,-0.002978,0.011332
12-Mar-2025 11:57:43.622,0.002709,-0.004934,0.003897
12-Mar-2025 11:57:43.722,0.00564,-0.007241,0.002492
12-Mar-2025 11:57:43.821,-0.000702,-0.003486,0.00249
12-Mar-2025 11:57:43.921,0.000495,-0.002401,0.005567
12-Mar-2025 11:57:44.020,-0.000637,-0.003902,0.009222
12-Mar-2025 11:57:44.120,0.001797,-0.00453,0.00849
12-Mar-2025 11:57:44.220,-0.001827,-0.003843,0.004223
12-Mar-2025 11:57:44.319,-0.002809,-0.005779,0.004785
12-Mar-2025 11:57:44.419,-0.002587,-0.005271,0.006678
12-Mar-2025 11:57:44.517,-0.000414,-0.005933,0.002796
12-Mar-2025 11:57:44.618,-0.000147,-0.009099,0.002059
12-Mar-2025 11:57:44.717,0.002852,-0.006419,0.004261
12-Mar-2025 11:57:44.817,0.005057,-0.004889,0.003491
12-Mar-2025 11:57:44.917,-0.002254,-0.007837,0.00628
12-Mar-2025 11:57:45.016,-0.001564,-0.000291,0.011683
12-Mar-2025 11:57:45.116,0.000388,-0.012553,0.004133
12-Mar-2025 11:57:45.215,-0.002009,-0.004513,0.003247
12-Mar-2025 11:57:45.315,-0.000107,-0.00644,0.000104
12-Mar-2025 11:57:45.415,0.003937,-0.011133,0.003286
12-Mar-2025 11:57:45.514,-0.004706,-0.004561,0.006073
12-Mar-2025 11:57:45.614,-0.002822,-0.00237,0.007928
12-Mar-2025 11:57:45.713,-0.001595,-0.005461,0.006079
12-Mar-2025 11:57:45.813,0.001656,-0.00395,0.003823
12-Mar-2025 11:57:45.912,0.005059,-0.006343,0.004075
12-Mar-2025 11:57:46.012,0.001068,-0.004664,0.005553
12-Mar-2025 11:57:46.112,-0.001228,-0.006293,0.002875
12-Mar-2025 11:57:46.211,0.003508,-0.006164,0.007977
12-Mar-2025 11:57:46.311,0.000895,-0.007765,0.006956
12-Mar-2025 11:57:46.410,0.00087,-0.004249,0.004642
12-Mar-2025 11:57:46.510,0.000852,-0.004195,0.005759
12-Mar-2025 11:57:46.610,-0.000174,-0.003667,0.00552
12-Mar-2025 11:57:46.709,-0.003439,-0.003038,0.005984
12-Mar-2025 11:57:46.809,-0.000227,-0.003139,0.006624
12-Mar-2025 11:57:46.908,-0.000493,-0.006346,0.007232
12-Mar-2025 11:57:47.008,8.8e-05,-0.006451,0.005227
12-Mar-2025 11:57:47.107,-0.001736,-0.003035,0.003219
12-Mar-2025 11:57:47.207,-0.001025,-0.004483,0.004777
12-Mar-2025 11:57:47.307,0.001318,-0.004385,0.005365
12-Mar-2025 11:57:47.406,-0.000189,-0.006887,0.006234
12-Mar-2025 11:57:47.506,-0.002499,-0.002789,0.00305
12-Mar-2025 11:57:47.605,-0.002157,-0.001859,0.003492
12-Mar-2025 11:57:47.705,0.00183,-0.009383,0.006025
12-Mar-2025 11:57:47.805,0.002626,-0.005227,0.004845
12-Mar-2025 11:57:47.904,0.004662,-0.006344,0.004561
12-Mar-2025 11:57:48.004,-0.002163,-0.001939,0.006725
12-Mar-2025 11:57:48.103,-0.002223,-0.001687,0.005104
12-Mar-2025 11:57:48.203,-0.000394,-0.005009,0.007745
12-Mar-2025 11:57:48.302,-0.002094,-0.007909,0.006762
12-Mar-2025 11:57:48.402,-0.002254,-0.004337,0.006405
12-Mar-2025 11:57:48.502,-0.002074,-0.002556,0.003285
12-Mar-2025 11:57:48.601,0.002646,-0.006689,0.006093
12-Mar-2025 11:57:48.701,-0.000136,-0.006794,0.007578
12-Mar-2025 11:57:48.800,-0.000365,-0.002844,0.006716
12-Mar-2025 11:57:48.900,-0.003171,-0.002508,0.005447
12-Mar-2025 11:57:49.000,0.001033,-0.00735,0.004269
12-Mar-2025 11:57:49.099,0.004496,-0.006687,0.006065
12-Mar-2025 11:57:49.199,-0.000466,-0.006961,0.004919
12-Mar-2025 11:57:49.298,-0.001631,-0.00334,0.002961
12-Mar-2025 11:57:49.398,0.000974,-0.005184,0.005524
12-Mar-2025 11:57:49.497,0.002145,-0.004924,0.005417
12-Mar-2025 11:57:49.597,0.001768,-0.005206,0.007626
12-Mar-2025 11:57:49.697,-0.002289,-0.003421,0.007301
12-Mar-2025 11:57:49.796,-0.001446,-0.003722,0.005994
12-Mar-2025 11:57:49.896,0.001467,-0.00748,0.004214
12-Mar-2025 11:57:49.995,0.000874,-0.005561,0.007395
12-Mar-2025 11:57:50.095,9e-06,-0.005522,0.006252
12-Mar-2025 11:57:50.195,-0.002453,-0.003682,0.00893
12-Mar-2025 11:57:50.294,0.000218,-0.006016,0.00648
12-Mar-2025 11:57:50.394,-0.000584,-0.003378,0.004626
12-Mar-2025 11:57:50.493,0.00015,-0.003789,0.005914
12-Mar-2025 11:57:50.593,-0.002056,-0.003902,0.007461
12-Mar-2025 11:57:50.692,0.000904,-0.004218,0.005259
12-Mar-2025 11:57:50.792,0.003836,-0.006825,0.00418
12-Mar-2025 11:57:50.892,-0.002574,-0.006934,0.003678
12-Mar-2025 11:57:50.991,0.001155,-0.003463,0.005139
12-Mar-2025 11:57:51.091,-0.000746,-0.002375,0.009012
12-Mar-2025 11:57:51.190,-0.000678,-0.005654,0.006731
12-Mar-2025 11:57:51.290,0.002686,-0.006839,0.006711
12-Mar-2025 11:57:51.390,0.0035,-0.004134,0.003959
12-Mar-2025 11:57:51.489,-0.001015,-0.005308,0.00372
12-Mar-2025 11:57:51.589,0.002002,-0.003406,0.006111
12-Mar-2025 11:57:51.688,-0.001115,-0.006513,0.005242
12-Mar-2025 11:57:51.788,0.005423,-0.0051,0.003161
12-Mar-2025 11:57:51.887,-0.005258,0.000292,0.002963
12-Mar-2025 11:57:51.986,-0.000422,-0.003944,0.004833
12-Mar-2025 11:57:52.087,0.003796,-0.003991,0.008581
12-Mar-2025 11:57:52.186,-0.003314,-0.007253,0.009725
12-Mar-2025 11:57:52.286,0.00077,-0.005035,0.004089
12-Mar-2025 11:57:52.385,-0.002897,-0.002195,0.001938
12-Mar-2025 11:57:52.485,0.005129,-0.007641,0.004893
12-Mar-2025 11:57:52.585,-0.00186,-0.006694,0.003564
12-Mar-2025 11:57:52.684,-0.001183,-0.003684,0.003168
12-Mar-2025 11:57:52.784,0.00143,-0.006987,0.005487
12-Mar-2025 11:57:52.883,0.003324,-0.006024,0.004033
12-Mar-2025 11:57:52.983,0.000556,-0.004779,0.006913
12-Mar-2025 11:57:53.082,-0.003598,-0.005733,0.009306
12-Mar-2025 11:57:53.182,-0.001522,-0.003421,0.003902
12-Mar-2025 11:57:53.282,-0.001289,-0.006024,0.002328
12-Mar-2025 11:57:53.381,0.002306,-0.006636,0.005971
12-Mar-2025 11:57:53.481,6.4e-05,-0.002309,0.004258
12-Mar-2025 11:57:53.580,-0.002401,-0.004474,0.007334
12-Mar-2025 11:57:53.680,-0.001029,-0.005923,0.006003
12-Mar-2025 11:57:53.780,-0.00021,-0.005217,0.004574
12-Mar-2025 11:57:53.879,-0.002058,-0.006823,0.001161
12-Mar-2025 11:57:53.979,-0.000171,-0.005713,0.007215
12-Mar-2025 11:57:54.078,0.001306,-0.005923,0.006641
12-Mar-2025 11:57:54.178,-0.001469,-0.005393,0.006261
12-Mar-2025 11:57:54.277,-0.001202,-0.006157,0.006427
12-Mar-2025 11:57:54.377,-0.000435,-0.003714,0.003461
12-Mar-2025 11:57:54.477,-0.00031,-0.004533,0.005445
12-Mar-2025 11:57:54.576,0.000793,-0.005739,0.007681
12-Mar-2025 11:57:54.676,-0.002903,-0.007114,0.004405
12-Mar-2025 11:57:54.775,0.001491,-0.007484,0.003516
12-Mar-2025 11:57:54.875,-0.001796,-0.004099,0.006502
12-Mar-2025 11:57:54.975,0.000999,-0.006894,0.005394
12-Mar-2025 11:57:55.074,-0.001607,-0.003906,0.004632
12-Mar-2025 11:57:55.174,-0.003668,-0.004556,0.004272
12-Mar-2025 11:57:55.273,-0.001371,-0.004945,0.003892
12-Mar-2025 11:57:55.373,0.003569,-0.006485,0.005724
12-Mar-2025 11:57:55.472,-0.001092,-0.007398,0.005946
12-Mar-2025 11:57:55.572,-0.003418,-0.003647,0.005029
12-Mar-2025 11:57:55.672,-0.00112,-0.006252,0.004717
12-Mar-2025 11:57:55.771,-0.004519,-0.007823,0.005664
12-Mar-2025 11:57:55.871,-0.000427,-0.004006,0.005722
12-Mar-2025 11:57:55.970,-0.002631,-0.007737,0.006167
12-Mar-2025 11:57:56.070,-0.00082,-0.006742,0.006268
12-Mar-2025 11:57:56.169,0.004564,-0.005473,0.006755
12-Mar-2025 11:57:56.269,0.00155,-0.003804,0.004721
12-Mar-2025 11:57:56.369,0.000932,-0.00489,0.006148
12-Mar-2025 11:57:56.468,-0.002441,-0.00609,0.002914
12-Mar-2025 11:57:56.568,0.000264,-0.014178,0.001115
12-Mar-2025 11:57:56.667,0.000313,-0.004832,0.001036
12-Mar-2025 11:57:56.767,0.001041,-0.006517,-0.003012
12-Mar-2025 11:57:56.867,0.004793,-0.005685,0.00991
12-Mar-2025 11:57:56.966,0.000402,-0.002962,0.007958
12-Mar-2025 11:57:57.066,-0.000242,-0.001733,0.009016
12-Mar-2025 11:57:57.165,-0.002629,-0.004707,0.004992
12-Mar-2025 11:57:57.265,0.0048,-0.004821,0.002918
12-Mar-2025 11:57:57.364,0.000683,-0.006413,0.000921
12-Mar-2025 11:57:57.464,-0.001465,-0.004244,0.005001
12-Mar-2025 11:57:57.564,0.000773,-0.00636,0.007847
12-Mar-2025 11:57:57.663,-0.000992,-0.004615,0.00669
12-Mar-2025 11:57:57.763,-0.001737,-0.004011,0.004032
12-Mar-2025 11:57:57.862,0.004138,-0.010247,0.004556
12-Mar-2025 11:57:57.962,-0.000797,-0.002754,0.005068
12-Mar-2025 11:57:58.062,-0.002306,-0.005094,0.005377
12-Mar-2025 11:57:58.161,-9e-06,-0.00645,0.004389
12-Mar-2025 11:57:58.261,0.003303,-0.007024,0.004491
12-Mar-2025 11:57:58.360,-0.001526,-0.00317,0.003395
12-Mar-2025 11:57:58.460,-0.000884,-0.003777,0.006847
12-Mar-2025 11:57:58.559,-0.001761,-0.002956,0.007579
12-Mar-2025 11:57:58.659,0.002462,-0.005607,0.006478
12-Mar-2025 11:57:58.759,-0.004116,-0.004912,0.004079
12-Mar-2025 11:57:58.858,-0.002906,-0.003579,0.004754
12-Mar-2025 11:57:58.958,0.001056,-0.005017,0.008689
12-Mar-2025 11:57:59.057,-0.00238,-0.003322,0.004128
12-Mar-2025 11:57:59.157,0.000987,-0.00418,0.005062
12-Mar-2025 11:57:59.257,-0.003339,-0.003384,0.00313
12-Mar-2025 11:57:59.356,0.007967,-0.006295,0.004524
12-Mar-2025 11:57:59.456,-0.000936,-0.005729,0.005118
12-Mar-2025 11:57:59.555,-0.003947,-0.007686,0.005883
12-Mar-2025 11:57:59.655,0.001624,-0.004619,0.006846
12-Mar-2025 11:57:59.754,-0.003234,-0.002962,0.005331
12-Mar-2025 11:57:59.854,0.00036,-0.002049,0.004449
12-Mar-2025 11:57:59.954,0.000153,-0.00363,0.00542
12-Mar-2025 11:58:00.053,-0.000143,-0.004226,0.00748
12-Mar-2025 11:58:00.153,-0.001079,-0.005611,0.005916
12-Mar-2025 11:58:00.252,-0.000983,-0.003854,0.004023
12-Mar-2025 11:58:00.352,0.000179,-0.004338,0.006964
12-Mar-2025 11:58:00.452,0.0051,-0.006651,0.006133
12-Mar-2025 11:58:00.551,0.00018,-0.007717,0.003485
12-Mar-2025 11:58:00.651,0.001479,-0.006214,0.001644
12-Mar-2025 11:58:00.750,8.1e-05,-0.003844,0.003564
12-Mar-2025 11:58:00.850,-8.9e-05,-0.006757,0.007593
12-Mar-2025 11:58:00.949,3.2e-05,-0.004463,0.006414
12-Mar-2025 11:58:01.049,0.003602,-0.00518,0.008601
12-Mar-2025 11:58:01.149,-0.003919,-0.004807,0.005101
12-Mar-2025 11:58:01.248,-0.000494,-0.004686,0.003301
12-Mar-2025 11:58:01.348,0.004123,-0.005732,0.001047
12-Mar-2025 11:58:01.447,0.005156,-0.0098,0.007372
12-Mar-2025 11:58:01.547,-0.000875,-0.001225,0.003197
12-Mar-2025 11:58:01.647,-0.003456,-0.003687,0.006968
12-Mar-2025 11:58:01.746,0.003916,-0.007253,0.005971
12-Mar-2025 11:58:01.846,-0.00236,-0.001369,0.003636
12-Mar-2025 11:58:01.945,-0.003928,-0.002468,0.00446
12-Mar-2025 11:58:02.045,-0.002223,-0.004908,0.007261
12-Mar-2025 11:58:02.144,0.004311,-0.009566,0.006806
12-Mar-2025 11:58:02.244,0.002989,-0.009827,0.000316
12-Mar-2025 11:58:02.344,0.00221,-0.00572,0.001648
12-Mar-2025 11:58:02.443,-0.001275,-0.003536,0.012921
12-Mar-2025 11:58:02.543,-0.004234,-0.005679,0.009462
12-Mar-2025 11:58:02.642,-0.007823,0.000777,0.006507
12-Mar-2025 11:58:02.742,0.001153,-0.004691,0.005222
12-Mar-2025 11:58:02.842,0.001061,-0.008788,0.006502
12-Mar-2025 11:58:02.941,-0.001509,-0.001971,0.006332
12-Mar-2025 11:58:03.041,0.00477,-0.00723,0.004097
12-Mar-2025 11:58:03.140,-0.000378,-0.004775,0.00286
12-Mar-2025 11:58:03.240,-0.001293,-0.002813,0.003092
12-Mar-2025 11:58:03.339,-0.00355,-0.00542,0.005264
12-Mar-2025 11:58:03.438,-0.001536,-0.006327,0.004455
12-Mar-2025 11:58:03.539,-0.002587,0.005655,0.010616
12-Mar-2025 11:58:03.638,-0.003323,-0.001647,0.019985
12-Mar-2025 11:58:03.738,0.000851,-0.011334,0.014074
12-Mar-2025 11:58:03.837,0.002287,-0.003901,-0.00292
12-Mar-2025 11:58:03.937,0.003772,0.000987,-0.007151
12-Mar-2025 11:58:04.036,0.001014,-0.011223,0.002429
12-Mar-2025 11:58:04.136,0.0004,-0.004401,0.012218
12-Mar-2025 11:58:04.236,0.001357,-0.003108,0.006981
12-Mar-2025 11:58:04.335,0.004324,-0.006179,0.010149
12-Mar-2025 11:58:04.435,-0.001641,-0.006564,0.004328
12-Mar-2025 11:58:04.534,0.001163,-0.005109,0.001658
12-Mar-2025 11:58:04.634,0.000177,-0.005039,0.00223
12-Mar-2025 11:58:04.734,-0.002587,-0.003612,0.005452
12-Mar-2025 11:58:04.833,-0.000905,-0.004612,0.010519
12-Mar-2025 11:58:04.933,-0.00013,-0.004497,0.00767
12-Mar-2025 11:58:05.032,-0.000178,-0.006518,0.004812
12-Mar-2025 11:58:05.132,-0.000756,-0.002724,0.000622
12-Mar-2025 11:58:05.231,0.005896,-0.010887,-0.002526
12-Mar-2025 11:58:05.331,0.013739,-0.012935,-0.002944
12-Mar-2025 11:58:05.431,0.005498,-0.012035,0.000636
12-Mar-2025 11:58:05.530,0.001518,-0.01281,0.006558
12-Mar-2025 11:58:05.630,0.000252,-0.007747,0.005955
12-Mar-2025 11:58:05.729,-0.001645,-0.000824,0.003896
12-Mar-2025 11:58:05.829,-0.003763,0.004025,0.006963
12-Mar-2025 11:58:05.929,0.002373,-0.00803,0.011297
12-Mar-2025 11:58:06.028,0.000291,-0.008669,0.008798
12-Mar-2025 11:58:06.128,-0.00014,-0.003591,0.000321
12-Mar-2025 11:58:06.227,0.001552,-0.002417,0.001636
12-Mar-2025 11:58:06.327,0.000322,-0.005693,0.006178
12-Mar-2025 11:58:06.426,-0.000107,-0.003692,0.006465
12-Mar-2025 11:58:06.526,0.001698,-0.006534,0.006319
12-Mar-2025 11:58:06.626,-0.003538,-0.003355,0.00365
12-Mar-2025 11:58:06.725,0.001284,-0.003068,0.004138
12-Mar-2025 11:58:06.825,0.000446,-0.006463,0.004096
12-Mar-2025 11:58:06.924,0.000326,-0.005263,0.004788
12-Mar-2025 11:58:07.024,0.004049,-0.002815,0.00302
12-Mar-2025 11:58:07.124,-0.002301,-0.005563,0.004901
12-Mar-2025 11:58:07.223,0.001768,-0.004723,0.005379
12-Mar-2025 11:58:07.323,-0.003189,-0.00532,0.005194
12-Mar-2025 11:58:07.422,0.007988,-0.012157,0.003685
12-Mar-2025 11:58:07.522,0.006339,-0.014238,0.002013
12-Mar-2025 11:58:07.621,-0.007368,-0.003216,0.008208
12-Mar-2025 11:58:07.721,-0.007654,0.006588,0.004587
12-Mar-2025 11:58:07.821,4.7e-05,-0.005616,0.014403
12-Mar-2025 11:58:07.920,0.00952,-0.005117,0.010937
12-Mar-2025 11:58:08.020,-0.00686,0.000244,0.013072
12-Mar-2025 11:58:08.119,-0.00178,-0.005025,0.011052
12-Mar-2025 11:58:08.219,0.00567,-0.00977,0.004485
12-Mar-2025 11:58:08.319,0.004562,-0.004099,-0.004986
12-Mar-2025 11:58:08.418,-0.000788,-0.002598,-0.001884
12-Mar-2025 11:58:08.518,-0.002898,-0.004249,0.009057
12-Mar-2025 11:58:08.617,0.004608,-0.005428,0.009053
12-Mar-2025 11:58:08.717,0.005252,-0.004224,0.010277
12-Mar-2025 11:58:08.816,0.000107,-0.004193,0.003148
12-Mar-2025 11:58:08.916,-0.001748,-0.001638,0.003307
12-Mar-2025 11:58:09.016,0.013149,-0.016592,0.000555
12-Mar-2025 11:58:09.115,0.001221,-0.01541,0.001604
12-Mar-2025 11:58:09.215,0.001728,0.002701,-0.001915
12-Mar-2025 11:58:09.314,-0.007644,0.007516,0.005522
12-Mar-2025 11:58:09.414,-0.000547,-0.003813,0.01434
12-Mar-2025 11:58:09.514,0.007944,-0.005119,0.010563
12-Mar-2025 11:58:09.613,0.001723,-0.00395,0.006229
12-Mar-2025 11:58:09.713,-0.007832,-0.004544,-0.000672
12-Mar-2025 11:58:09.812,-0.001839,-0.002788,0.007127
12-Mar-2025 11:58:09.912,0.008662,-0.008411,0.005482
12-Mar-2025 11:58:10.011,0.006702,-0.012031,0.004405
12-Mar-2025 11:58:10.111,-0.001163,-0.008158,-0.000202
12-Mar-2025 11:58:10.211,-0.010294,0.001774,0.00615
12-Mar-2025 11:58:10.310,-0.007437,3.6e-05,0.007739
12-Mar-2025 11:58:10.410,0.002497,-0.009587,0.009649
12-Mar-2025 11:58:10.509,0.002599,-0.008739,0.00412
12-Mar-2025 11:58:10.609,0.002732,-0.003153,0.00212
12-Mar-2025 11:58:10.708,-0.00477,-0.001813,0.004087
12-Mar-2025 11:58:10.808,-0.000278,-0.00374,0.00546
12-Mar-2025 11:58:10.908,0.007226,-0.005854,0.002945
12-Mar-2025 11:58:11.007,0.000627,-0.007022,0.005861
12-Mar-2025 11:58:11.107,0.000786,-0.003708,0.004444
12-Mar-2025 11:58:11.206,-0.005365,-0.002696,0.004731
12-Mar-2025 11:58:11.306,-0.001594,-0.004058,0.006235
12-Mar-2025 11:58:11.406,0.004961,-0.0079,0.006745
12-Mar-2025 11:58:11.505,-0.004003,-0.003605,0.005383
12-Mar-2025 11:58:11.605,-0.001988,-0.001606,0.006116
12-Mar-2025 11:58:11.704,-0.006808,-0.004098,0.00453
12-Mar-2025 11:58:11.804,0.001882,-0.004392,0.007136
12-Mar-2025 11:58:11.903,0.009323,-0.010906,0.00314
12-Mar-2025 11:58:12.003,0.001403,-0.004037,0.005793
12-Mar-2025 11:58:12.103,0.010615,-0.004466,0.003266
12-Mar-2025 11:58:12.202,-0.002672,-0.004575,0.001774
12-Mar-2025 11:58:12.302,0.002222,-0.004256,0.008099
12-Mar-2025 11:58:12.401,-0.00345,-0.005426,0.003928
12-Mar-2025 11:58:12.501,0.004436,-0.004534,0.003388
12-Mar-2025 11:58:12.601,0.003072,-0.010031,0.001568
12-Mar-2025 11:58:12.700,0.002966,-0.005791,0.002957
12-Mar-2025 11:58:12.800,-0.001639,-0.004492,0.004519
12-Mar-2025 11:58:12.899,0.001367,-0.005542,0.003287
12-Mar-2025 11:58:12.999,0.004735,-0.007008,0.00348
12-Mar-2025 11:58:13.098,0.004241,-0.008739,0.007388
12-Mar-2025 11:58:13.198,-0.000464,-0.005094,0.00611
12-Mar-2025 11:58:13.298,-0.002391,-0.001353,0.006188
12-Mar-2025 11:58:13.397,0.002781,-0.00431,0.004022
12-Mar-2025 11:58:13.497,0.004199,-0.00739,0.004661
12-Mar-2025 11:58:13.596,0.001524,-0.006115,0.003683
12-Mar-2025 11:58:13.696,-0.001539,-0.003957,0.005929
12-Mar-2025 11:58:13.796,-0.005952,-0.001415,0.006776
12-Mar-2025 11:58:13.895,0.008392,-0.010522,0.004903
12-Mar-2025 11:58:13.995,0.001096,-0.006001,0.003173
12-Mar-2025 11:58:14.094,0.000918,-0.002698,0.004759
12-Mar-2025 11:58:14.194,-0.0094,-0.001756,0.011167
12-Mar-2025 11:58:14.293,-0.00811,0.000636,0.013644
12-Mar-2025 11:58:14.393,0.015898,-0.011643,0.004736
12-Mar-2025 11:58:14.493,0.010605,-0.011389,0.002237
12-Mar-2025 11:58:14.592,-0.009012,-0.006154,0.00685
12-Mar-2025 11:58:14.692,-0.008423,0.004679,0.004125
12-Mar-2025 11:58:14.791,0.006528,-0.010743,0.009831
12-Mar-2025 11:58:14.891,0.003618,-0.009417,0.009368
12-Mar-2025 11:58:14.991,-0.003218,-0.003589,0.003432
12-Mar-2025 11:58:15.090,-0.005829,0.001308,0.001136
12-Mar-2025 11:58:15.190,-0.004817,-0.006014,0.006815
12-Mar-2025 11:58:15.289,0.009015,-0.008115,0.006628
12-Mar-2025 11:58:15.389,0.004315,-0.007117,0.00631
12-Mar-2025 11:58:15.488,-0.002807,-0.002036,0.008222
12-Mar-2025 11:58:15.588,-0.004558,-0.003315,0.006433
12-Mar-2025 11:58:15.688,-0.00015,-0.007778,0.002296
12-Mar-2025 11:58:15.787,0.005068,-0.005745,0.000909
12-Mar-2025 11:58:15.887,4.8e-05,-0.00483,0.005939
12-Mar-2025 11:58:15.986,-0.001984,-0.004007,0.007746
12-Mar-2025 11:58:16.086,0.002431,-0.007572,0.006274
12-Mar-2025 11:58:16.186,0.0062,-0.009103,0.005928
12-Mar-2025 11:58:16.285,0.002788,-0.006232,0.002346
12-Mar-2025 11:58:16.385,-0.00427,-0.003894,0.002884
12-Mar-2025 11:58:16.484,-0.001098,-0.006797,0.005537
12-Mar-2025 11:58:16.584,-0.001514,-0.005685,0.008886
12-Mar-2025 11:58:16.683,0.004611,-0.003993,0.003304
12-Mar-2025 11:58:16.783,-0.002228,-0.004421,0.00265
12-Mar-2025 11:58:16.883,-0.002391,-0.005253,0.006809
12-Mar-2025 11:58:16.982,0.001633,-0.007291,0.003103
12-Mar-2025 11:58:17.082,0.003532,-0.006639,0.004859
12-Mar-2025 11:58:17.181,-0.001104,-0.00562,0.006373
12-Mar-2025 11:58:17.281,-0.002822,-0.006957,0.004064
12-Mar-2025 11:58:17.380,-0.000175,-0.007664,0.004172
12-Mar-2025 11:58:17.480,0.002343,-0.003317,0.0034
12-Mar-2025 11:58:17.580,-0.001224,-0.004976,0.003156
12-Mar-2025 11:58:17.679,0.003748,-0.006379,0.004853
12-Mar-2025 11:58:17.779,-0.001745,-0.001696,0.005606
12-Mar-2025 11:58:17.878,-0.002543,-0.00566,0.005544
12-Mar-2025 11:58:17.978,-0.000125,-0.005973,0.006455
12-Mar-2025 11:58:18.078,-0.001228,-0.00476,0.004575
12-Mar-2025 11:58:18.177,0.003893,-0.00661,0.005825
12-Mar-2025 11:58:18.277,-0.005371,-0.004765,0.005675
12-Mar-2025 11:58:18.376,0.000521,-0.004256,0.00698
12-Mar-2025 11:58:18.476,0.000779,-0.009394,0.006189
12-Mar-2025 11:58:18.575,-0.000513,-0.007265,0.0036
12-Mar-2025 11:58:18.675,0.001134,-0.005025,0.002744
12-Mar-2025 11:58:18.775,0.000753,-0.006149,0.005221
12-Mar-2025 11:58:18.874,-0.004863,-0.002724,0.005923
12-Mar-2025 11:58:18.974,1.7e-05,-0.004241,0.006275
12-Mar-2025 11:58:19.073,-6.2e-05,-0.003043,0.005728
12-Mar-2025 11:58:19.173,-0.00013,-0.004902,0.004678
12-Mar-2025 11:58:19.273,-0.001378,-0.005739,0.004375
12-Mar-2025 11:58:19.372,-0.002236,-0.004161,0.005576
12-Mar-2025 11:58:19.472,0.004535,-0.009376,0.005723
12-Mar-2025 11:58:19.571,-0.004031,-0.004303,0.003214
12-Mar-2025 11:58:19.671,0.001378,-0.005599,0.005667
12-Mar-2025 11:58:19.770,-0.001233,-0.003399,0.005666
12-Mar-2025 11:58:19.870,-0.002442,-0.004387,0.00627
12-Mar-2025 11:58:19.970,0.0024,-0.004764,0.004313
12-Mar-2025 11:58:20.069,-0.00084,-0.00436,0.0057
12-Mar-2025 11:58:20.169,-0.002075,-0.003273,0.006288
12-Mar-2025 11:58:20.268,-0.003974,-0.003076,0.003861
12-Mar-2025 11:58:20.368,0.000317,-0.004925,0.004841
12-Mar-2025 11:58:20.468,0.004802,-0.006608,0.003788
12-Mar-2025 11:58:20.567,0.004353,-0.008356,0.005885
12-Mar-2025 11:58:20.667,-0.001496,-0.00397,0.004361
12-Mar-2025 11:58:20.766,0.003638,-0.004855,0.003941
12-Mar-2025 11:58:20.866,-0.003811,-0.006752,0.006026
12-Mar-2025 11:58:20.965,-0.007722,0.009261,0.0021
12-Mar-2025 11:58:21.065,0.010216,0.023071,-0.004386
12-Mar-2025 11:58:21.165,-0.005679,0.037636,-0.010317
12-Mar-2025 11:58:21.264,0.004753,0.043917,-0.009667
12-Mar-2025 11:58:21.364,0.003599,0.068946,-0.016087
12-Mar-2025 11:58:21.463,-0.004023,0.080988,-0.017433
12-Mar-2025 11:58:21.563,-0.002119,0.114332,-0.024755
12-Mar-2025 11:58:21.663,-0.004083,0.145714,-0.038739
12-Mar-2025 11:58:21.762,-0.006429,0.183696,-0.042931
12-Mar-2025 11:58:21.862,0.000303,0.229314,-0.057089
12-Mar-2025 11:58:21.961,-0.000361,0.266097,-0.067458
12-Mar-2025 11:58:22.061,0.001389,0.315317,-0.081298
12-Mar-2025 11:58:22.160,-0.011635,0.339868,-0.097053
12-Mar-2025 11:58:22.260,-0.002059,0.35615,-0.092611
12-Mar-2025 11:58:22.360,0.000617,0.361147,-0.100817
12-Mar-2025 11:58:22.459,0.003431,0.336456,-0.088951
12-Mar-2025 11:58:22.559,-0.001341,0.306961,-0.081151
12-Mar-2025 11:58:22.658,0.007275,0.330221,-0.078041
12-Mar-2025 11:58:22.758,0.014197,0.415877,-0.088968
12-Mar-2025 11:58:22.857,0.019306,0.507479,-0.112073
12-Mar-2025 11:58:22.957,-0.00428,0.598372,-0.148211
12-Mar-2025 11:58:23.057,-0.015587,0.624274,-0.172049
12-Mar-2025 11:58:23.156,0.015411,0.616037,-0.168116
12-Mar-2025 11:58:23.256,0.006988,0.597682,-0.162459
12-Mar-2025 11:58:23.355,-0.010144,0.576094,-0.143495
12-Mar-2025 11:58:23.455,-0.000285,0.554909,-0.137052
12-Mar-2025 11:58:23.555,0.007841,0.533784,-0.13263
12-Mar-2025 11:58:23.654,0.008715,0.510674,-0.1331
12-Mar-2025 11:58:23.754,0.003102,0.510351,-0.138778
12-Mar-2025 11:58:23.853,-0.000489,0.515081,-0.138851
12-Mar-2025 11:58:23.953,0.007711,0.526133,-0.132009
12-Mar-2025 11:58:24.052,0.004476,0.521643,-0.134131
12-Mar-2025 11:58:24.152,-0.002519,0.528297,-0.131875
12-Mar-2025 11:58:24.252,0.0032,0.51506,-0.137586
12-Mar-2025 11:58:24.351,0.002699,0.507863,-0.137316
12-Mar-2025 11:58:24.451,-0.002982,0.514608,-0.138178
12-Mar-2025 11:58:24.550,0.006106,0.511089,-0.135076
12-Mar-2025 11:58:24.650,0.011125,0.494609,-0.127184
12-Mar-2025 11:58:24.750,-0.003332,0.45306,-0.12193
12-Mar-2025 11:58:24.849,-0.001648,0.403398,-0.106695
12-Mar-2025 11:58:24.949,0.008483,0.33727,-0.084949
12-Mar-2025 11:58:25.048,0.012019,0.257107,-0.065548
12-Mar-2025 11:58:25.148,-0.004826,0.166587,-0.038477
12-Mar-2025 11:58:25.247,0.007885,0.071862,-0.018999
12-Mar-2025 11:58:25.347,0.005246,0.008873,0.003525
12-Mar-2025 11:58:25.447,-0.009053,-0.025723,0.016574
12-Mar-2025 11:58:25.546,-0.009455,-0.055144,0.024004
12-Mar-2025 11:58:25.646,-0.004646,-0.058379,0.027209
12-Mar-2025 11:58:25.745,0.003779,-0.048576,0.020867
12-Mar-2025 11:58:25.845,0.00714,0.011587,0.002572
12-Mar-2025 11:58:25.945,0.005359,-0.005728,-0.004611
12-Mar-2025 11:58:26.044,-0.000381,-0.007475,-0.005128
12-Mar-2025 11:58:26.144,-0.006102,-0.015574,0.00761
12-Mar-2025 11:58:26.242,0.003164,-0.018661,0.016387
12-Mar-2025 11:58:26.343,-0.003325,-0.030574,0.020017
12-Mar-2025 11:58:26.442,0.003262,-0.053047,0.020159
12-Mar-2025 11:58:26.542,-0.001522,-0.079815,0.021765
12-Mar-2025 11:58:26.642,-0.000343,-0.081641,0.02708
12-Mar-2025 11:58:26.741,-0.00063,-0.098669,0.030438
12-Mar-2025 11:58:26.841,-0.001926,-0.113413,0.038204
12-Mar-2025 11:58:26.940,0.00032,-0.131813,0.045935
12-Mar-2025 11:58:27.040,0.001593,-0.178747,0.04864
12-Mar-2025 11:58:27.140,-0.007174,-0.236433,0.058408
12-Mar-2025 11:58:27.239,-0.000653,-0.270567,0.07332
12-Mar-2025 11:58:27.339,0.00181,-0.294708,0.085557
12-Mar-2025 11:58:27.438,0.006575,-0.339752,0.091603
12-Mar-2025 11:58:27.538,9.2e-05,-0.365617,0.106504
12-Mar-2025 11:58:27.637,-0.004306,-0.36463,0.109504
12-Mar-2025 11:58:27.737,0.009674,-0.345513,0.106871
12-Mar-2025 11:58:27.837,0.010102,-0.27859,0.090345
12-Mar-2025 11:58:27.936,-0.021351,-0.2209,0.071197
12-Mar-2025 11:58:28.036,8.5e-05,-0.197981,0.056661
12-Mar-2025 11:58:28.135,-0.004839,-0.214176,0.05476
12-Mar-2025 11:58:28.235,0.002946,-0.232098,0.060782
12-Mar-2025 11:58:28.334,-0.002004,-0.2795,0.076326
12-Mar-2025 11:58:28.434,0.002588,-0.356096,0.099706
12-Mar-2025 11:58:28.534,0.002144,-0.422559,0.118576
12-Mar-2025 11:58:28.633,0.008003,-0.485564,0.137559
12-Mar-2025 11:58:28.733,0.001047,-0.542151,0.146845
12-Mar-2025 11:58:28.832,-0.006679,-0.581875,0.163968
12-Mar-2025 11:58:28.932,-0.012929,-0.634687,0.180547
12-Mar-2025 11:58:29.032,-0.021821,-0.617473,0.178489
12-Mar-2025 11:58:29.131,-0.024941,-0.601336,0.167804
12-Mar-2025 11:58:29.231,0.004436,-0.594075,0.165938
12-Mar-2025 11:58:29.330,-0.004367,-0.555238,0.150106
12-Mar-2025 11:58:29.430,0.000924,-0.537238,0.141952
12-Mar-2025 11:58:29.529,-0.0054,-0.518665,0.142321
12-Mar-2025 11:58:29.629,-0.017508,-0.49386,0.144833
12-Mar-2025 11:58:29.728,0.001037,-0.499131,0.142962
12-Mar-2025 11:58:29.828,-0.006528,-0.495679,0.138296
12-Mar-2025 11:58:29.928,-0.009813,-0.511531,0.135661
12-Mar-2025 11:58:30.027,0.003805,-0.525152,0.138823
12-Mar-2025 11:58:30.127,-0.001295,-0.540887,0.147444
12-Mar-2025 11:58:30.227,-0.003614,-0.540926,0.153321
12-Mar-2025 11:58:30.326,0.007719,-0.534975,0.153862
12-Mar-2025 11:58:30.426,-0.019057,-0.52746,0.147355
12-Mar-2025 11:58:30.525,-0.009591,-0.52388,0.141738
12-Mar-2025 11:58:30.625,-0.000374,-0.543976,0.149
12-Mar-2025 11:58:30.724,-0.011649,-0.546965,0.148627
12-Mar-2025 11:58:30.824,0.004601,-0.592375,0.158555
12-Mar-2025 11:58:30.924,-0.003308,-0.577833,0.162339
12-Mar-2025 11:58:31.023,-0.00376,-0.58897,0.156888
12-Mar-2025 11:58:31.123,-0.005898,-0.581452,0.160328
12-Mar-2025 11:58:31.222,0.000832,-0.582942,0.157611
12-Mar-2025 11:58:31.322,-0.004953,-0.579224,0.156289
12-Mar-2025 11:58:31.422,0.004119,-0.578026,0.162816
12-Mar-2025 11:58:31.521,-0.018049,-0.559547,0.152943
12-Mar-2025 11:58:31.621,0.001679,-0.575692,0.152304
12-Mar-2025 11:58:31.720,-0.006169,-0.575225,0.154085
12-Mar-2025 11:58:31.820,-0.002373,-0.589074,0.152496
12-Mar-2025 11:58:31.919,-0.008569,-0.570826,0.160688
12-Mar-2025 11:58:32.019,0.004008,-0.592601,0.168234
12-Mar-2025 11:58:32.119,-0.009271,-0.572279,0.166426
12-Mar-2025 11:58:32.218,-0.002919,-0.570437,0.156844
12-Mar-2025 11:58:32.318,-0.014079,-0.537781,0.151696
12-Mar-2025 11:58:32.417,-0.001296,-0.547425,0.14563
12-Mar-2025 11:58:32.517,-0.007768,-0.540803,0.142748
12-Mar-2025 11:58:32.617,0.008446,-0.55359,0.145661
12-Mar-2025 11:58:32.716,-0.012569,-0.520903,0.147156
12-Mar-2025 11:58:32.816,0.000421,-0.519098,0.146841
12-Mar-2025 11:58:32.915,-0.0098,-0.507487,0.139111
12-Mar-2025 11:58:33.015,0.004804,-0.503738,0.131681
12-Mar-2025 11:58:33.114,-0.016708,-0.44099,0.127494
12-Mar-2025 11:58:33.214,-0.004128,-0.363026,0.105001
12-Mar-2025 11:58:33.314,0.002996,-0.282762,0.079772
12-Mar-2025 11:58:33.413,0.001473,-0.184407,0.052448
12-Mar-2025 11:58:33.513,0.000295,-0.091125,0.028651
12-Mar-2025 11:58:33.612,0.004006,-0.005131,0.003531
12-Mar-2025 11:58:33.711,-0.003922,0.057538,-0.016466
12-Mar-2025 11:58:33.811,0.002603,0.076102,-0.024986
12-Mar-2025 11:58:33.911,0.000354,0.052172,-0.018655
12-Mar-2025 11:58:34.011,0.003299,0.035408,-0.011779
12-Mar-2025 11:58:34.110,-6.3e-05,0.018861,-0.001626
12-Mar-2025 11:58:34.210,0.00144,0.006369,0.010619
12-Mar-2025 11:58:34.309,-0.004585,-0.005825,0.012515
12-Mar-2025 11:58:34.409,-0.000386,-0.004167,0.007417
12-Mar-2025 11:58:34.509,0.004466,-0.001956,0.003943
12-Mar-2025 11:58:34.608,0.000879,-0.002802,0.00014
12-Mar-2025 11:58:34.708,-0.003028,0.002729,0.006504
12-Mar-2025 11:58:34.807,-0.001964,0.011854,0.004975
12-Mar-2025 11:58:34.907,0.004008,0.044974,-0.008823
12-Mar-2025 11:58:35.006,-0.003076,0.079385,-0.014846
12-Mar-2025 11:58:35.106,0.006107,0.09723,-0.025011
12-Mar-2025 11:58:35.206,-0.005411,0.135381,-0.033898
12-Mar-2025 11:58:35.305,-0.004412,0.164852,-0.043474
12-Mar-2025 11:58:35.405,-0.002384,0.197798,-0.051012
12-Mar-2025 11:58:35.504,0.003533,0.233783,-0.05978
12-Mar-2025 11:58:35.604,0.005144,0.274579,-0.067928
12-Mar-2025 11:58:35.704,-0.002105,0.316018,-0.080589
12-Mar-2025 11:58:35.803,0.006727,0.346144,-0.091167
12-Mar-2025 11:58:35.903,0.000738,0.392152,-0.105491
12-Mar-2025 11:58:36.002,0.000426,0.432013,-0.114153
12-Mar-2025 11:58:36.102,0.006955,0.475272,-0.122212
12-Mar-2025 11:58:36.201,0.002742,0.484049,-0.127336
12-Mar-2025 11:58:36.301,0.005238,0.459833,-0.126809
12-Mar-2025 11:58:36.401,0.008052,0.426952,-0.122863
12-Mar-2025 11:58:36.500,0.011747,0.384335,-0.110444
12-Mar-2025 11:58:36.600,-0.007863,0.37417,-0.103816
12-Mar-2025 11:58:36.699,0.005757,0.416009,-0.10002
12-Mar-2025 11:58:36.799,-0.008722,0.481509,-0.112209
12-Mar-2025 11:58:36.899,-0.012472,0.49526,-0.121671
12-Mar-2025 11:58:36.998,-0.008925,0.461838,-0.11816
12-Mar-2025 11:58:37.098,0.008763,0.423025,-0.109104
12-Mar-2025 11:58:37.197,0.015257,0.46833,-0.111911
12-Mar-2025 11:58:37.297,0.007407,0.542547,-0.127499
12-Mar-2025 11:58:37.396,0.007707,0.583908,-0.148061
12-Mar-2025 11:58:37.496,-0.005902,0.604589,-0.166511
12-Mar-2025 11:58:37.596,0.009184,0.619947,-0.175736
12-Mar-2025 11:58:37.694,0.009069,0.62515,-0.170131
12-Mar-2025 11:58:37.795,-0.002896,0.621133,-0.16709
12-Mar-2025 11:58:37.894,-0.00804,0.617404,-0.154237
12-Mar-2025 11:58:37.994,0.003945,0.589226,-0.14658
12-Mar-2025 11:58:38.093,0.008994,0.583793,-0.152788
12-Mar-2025 11:58:38.193,-0.002106,0.569693,-0.150938
12-Mar-2025 11:58:38.293,-0.001683,0.569312,-0.146048
12-Mar-2025 11:58:38.392,-0.001757,0.58076,-0.149345
12-Mar-2025 11:58:38.492,0.002454,0.592635,-0.14564
12-Mar-2025 11:58:38.591,0.014773,0.59573,-0.158019
12-Mar-2025 11:58:38.691,-0.003646,0.591818,-0.153471
12-Mar-2025 11:58:38.791,0.010817,0.595299,-0.157729
12-Mar-2025 11:58:38.890,0.000552,0.590474,-0.152994
12-Mar-2025 11:58:38.990,-0.006742,0.59914,-0.14778
12-Mar-2025 11:58:39.089,0.009293,0.594608,-0.155063
12-Mar-2025 11:58:39.189,0.008651,0.613161,-0.157556
12-Mar-2025 11:58:39.288,0.000598,0.626411,-0.165599
12-Mar-2025 11:58:39.388,0.000826,0.631348,-0.173111
12-Mar-2025 11:58:39.488,0.005457,0.666648,-0.177945
12-Mar-2025 11:58:39.587,0.010154,0.693323,-0.180372
12-Mar-2025 11:58:39.687,0.000818,0.693468,-0.180697
12-Mar-2025 11:58:39.786,0.009617,0.678838,-0.178729
12-Mar-2025 11:58:39.886,0.002342,0.635441,-0.172152
12-Mar-2025 11:58:39.986,-0.004642,0.616398,-0.164541
12-Mar-2025 11:58:40.085,0.008826,0.598196,-0.148605
12-Mar-2025 11:58:40.185,0.009676,0.554176,-0.138728
12-Mar-2025 11:58:40.284,-0.003866,0.527563,-0.130597
12-Mar-2025 11:58:40.384,0.009285,0.503299,-0.127128
12-Mar-2025 11:58:40.483,0.00233,0.47403,-0.12032
12-Mar-2025 11:58:40.583,-0.018292,0.449664,-0.120693
12-Mar-2025 11:58:40.683,-0.007074,0.37732,-0.098396
12-Mar-2025 11:58:40.782,0.001935,0.297612,-0.074024
12-Mar-2025 11:58:40.882,-0.010971,0.218757,-0.044864
12-Mar-2025 11:58:40.981,0.008693,0.11805,-0.021719
12-Mar-2025 11:58:41.081,0.006918,0.026442,-0.001134
12-Mar-2025 11:58:41.180,0.004487,-0.034746,0.015711
12-Mar-2025 11:58:41.280,0.001045,-0.071454,0.024644
12-Mar-2025 11:58:41.380,0.003021,-0.063977,0.02839
12-Mar-2025 11:58:41.479,0.000461,-0.063156,0.024255
12-Mar-2025 11:58:41.579,-0.003595,-0.053463,0.01609
12-Mar-2025 11:58:41.678,-0.001447,-0.037461,0.011579
12-Mar-2025 11:58:41.778,0.007164,0.003,0.002864
12-Mar-2025 11:58:41.878,-0.007612,0.000214,0.002151
12-Mar-2025 11:58:41.977,-0.004503,-0.004682,0.00753
12-Mar-2025 11:58:42.077,0.003826,-0.017605,0.008806
12-Mar-2025 11:58:42.176,0.00095,-0.026804,0.011625
12-Mar-2025 11:58:42.276,-0.00567,-0.049604,0.015199
12-Mar-2025 11:58:42.375,-8.3e-05,-0.067277,0.02208
12-Mar-2025 11:58:42.475,-0.002553,-0.088714,0.024995
12-Mar-2025 11:58:42.575,0.003187,-0.112103,0.032889
12-Mar-2025 11:58:42.674,-0.003904,-0.129647,0.038704
12-Mar-2025 11:58:42.774,-0.005165,-0.148465,0.04457
12-Mar-2025 11:58:42.873,0.006846,-0.182738,0.047476
12-Mar-2025 11:58:42.973,-0.008857,-0.194792,0.058714
12-Mar-2025 11:58:43.073,-0.004533,-0.233024,0.063887
12-Mar-2025 11:58:43.172,-0.001825,-0.268125,0.071185
12-Mar-2025 11:58:43.272,0.000226,-0.304424,0.081829
12-Mar-2025 11:58:43.371,0.000867,-0.329299,0.097614
12-Mar-2025 11:58:43.471,-0.010008,-0.332748,0.10295
12-Mar-2025 11:58:43.570,-0.011912,-0.314026,0.098512
12-Mar-2025 11:58:43.670,-0.00378,-0.28686,0.085265
12-Mar-2025 11:58:43.770,0.010542,-0.2666,0.075419
12-Mar-2025 11:58:43.869,0.009733,-0.266685,0.074659
12-Mar-2025 11:58:43.969,0.004637,-0.307296,0.075025
12-Mar-2025 11:58:44.068,0.0153,-0.38586,0.094366
12-Mar-2025 11:58:44.168,0.001935,-0.483436,0.11533
12-Mar-2025 11:58:44.268,-0.013453,-0.535306,0.151862
12-Mar-2025 11:58:44.367,-0.002516,-0.573644,0.170864
12-Mar-2025 11:58:44.467,0.001386,-0.570602,0.170895
12-Mar-2025 11:58:44.566,-0.00638,-0.554542,0.155095
12-Mar-2025 11:58:44.666,-0.005861,-0.533891,0.139737
12-Mar-2025 11:58:44.765,0.00623,-0.521896,0.130318
12-Mar-2025 11:58:44.865,-0.004084,-0.493202,0.131898
12-Mar-2025 11:58:44.965,0.003423,-0.490703,0.135028
12-Mar-2025 11:58:45.064,0.010733,-0.498134,0.146251
12-Mar-2025 11:58:45.164,-0.007219,-0.494686,0.143115
12-Mar-2025 11:58:45.263,0.0014,-0.493198,0.140637
12-Mar-2025 11:58:45.363,-0.00325,-0.510307,0.135974
12-Mar-2025 11:58:45.463,-0.012275,-0.505025,0.137593
12-Mar-2025 11:58:45.562,0.003529,-0.540442,0.141933
12-Mar-2025 11:58:45.662,0.00583,-0.543456,0.147156
12-Mar-2025 11:58:45.761,-0.001438,-0.54158,0.154052
12-Mar-2025 11:58:45.861,-0.013242,-0.538121,0.149657
12-Mar-2025 11:58:45.960,-0.003714,-0.540751,0.149479
12-Mar-2025 11:58:46.060,-0.000767,-0.554973,0.155763
12-Mar-2025 11:58:46.160,-0.011509,-0.547232,0.152291
12-Mar-2025 11:58:46.259,-0.002484,-0.555612,0.152416
12-Mar-2025 11:58:46.359,0.008542,-0.569139,0.154285
12-Mar-2025 11:58:46.458,0.000486,-0.571656,0.1579
12-Mar-2025 11:58:46.558,-0.008929,-0.562598,0.159487
12-Mar-2025 11:58:46.658,-0.004599,-0.56703,0.155711
12-Mar-2025 11:58:46.757,-0.000722,-0.573217,0.162787
12-Mar-2025 11:58:46.857,-0.0017,-0.581515,0.158064
12-Mar-2025 11:58:46.956,-0.000446,-0.562185,0.149294
12-Mar-2025 11:58:47.056,-0.005595,-0.54688,0.148502
12-Mar-2025 11:58:47.155,0.000503,-0.543635,0.150902
12-Mar-2025 11:58:47.255,-0.004198,-0.542409,0.147197
12-Mar-2025 11:58:47.355,-0.007564,-0.527107,0.144653
12-Mar-2025 11:58:47.454,0.002177,-0.518427,0.139677
12-Mar-2025 11:58:47.554,-0.003131,-0.521522,0.144106
12-Mar-2025 11:58:47.653,-0.008653,-0.502509,0.141075
12-Mar-2025 11:58:47.753,0.001509,-0.516379,0.141301
12-Mar-2025 11:58:47.852,-0.015274,-0.50502,0.139517
12-Mar-2025 11:58:47.952,0.002609,-0.52617,0.144121
12-Mar-2025 11:58:48.052,-0.006233,-0.513349,0.139915
12-Mar-2025 11:58:48.151,0.011678,-0.525467,0.142981
12-Mar-2025 11:58:48.251,-0.008578,-0.504448,0.141426
12-Mar-2025 11:58:48.350,-0.00154,-0.499552,0.140764
12-Mar-2025 11:58:48.450,-0.008625,-0.498805,0.134629
12-Mar-2025 11:58:48.550,-0.004942,-0.498037,0.132914
12-Mar-2025 11:58:48.649,0.007252,-0.505503,0.132904
12-Mar-2025 11:58:48.749,-0.011695,-0.454574,0.128534
12-Mar-2025 11:58:48.848,-0.004718,-0.393734,0.112781
12-Mar-2025 11:58:48.948,0.000125,-0.304385,0.094265
12-Mar-2025 11:58:49.047,0.003935,-0.217045,0.064939
12-Mar-2025 11:58:49.147,-0.002027,-0.121803,0.033339
12-Mar-2025 11:58:49.247,-0.000231,-0.034997,0.011117
12-Mar-2025 11:58:49.346,0.001322,0.036247,-0.009926
12-Mar-2025 11:58:49.446,-0.002125,0.082099,-0.019365
12-Mar-2025 11:58:49.545,0.003068,0.063483,-0.025215
12-Mar-2025 11:58:49.645,0.004559,0.044774,-0.016807
12-Mar-2025 11:58:49.745,-0.000466,0.027517,-0.005224
12-Mar-2025 11:58:49.844,-0.003105,0.012284,0.004353
12-Mar-2025 11:58:49.944,0.002305,-0.00236,0.009155
12-Mar-2025 11:58:50.043,-0.001205,-0.008965,0.008655
12-Mar-2025 11:58:50.143,0.003373,-0.004908,0.004581
12-Mar-2025 11:58:50.242,0.00107,-0.002194,0.003103
12-Mar-2025 11:58:50.342,0.001666,-0.002912,0.004438
12-Mar-2025 11:58:50.442,0.000484,-0.001002,0.006646
12-Mar-2025 11:58:50.541,0.003195,0.001645,0.001725
12-Mar-2025 11:58:50.641,0.007031,0.021588,0.002177
12-Mar-2025 11:58:50.740,-0.010509,0.0583,-0.007812
12-Mar-2025 11:58:50.840,0.002145,0.075532,-0.016186
12-Mar-2025 11:58:50.939,-0.00178,0.097086,-0.024976
12-Mar-2025 11:58:51.039,0.002629,0.124568,-0.033328
12-Mar-2025 11:58:51.139,-0.007209,0.166853,-0.043198
12-Mar-2025 11:58:51.238,0.000974,0.199578,-0.046378
12-Mar-2025 11:58:51.338,0.000534,0.234044,-0.055031
12-Mar-2025 11:58:51.437,0.003467,0.27702,-0.068922
12-Mar-2025 11:58:51.537,0.002223,0.319897,-0.081469
12-Mar-2025 11:58:51.637,-0.000272,0.366762,-0.093961
12-Mar-2025 11:58:51.736,-0.003306,0.417722,-0.10073
12-Mar-2025 11:58:51.836,0.002845,0.440999,-0.114515
12-Mar-2025 11:58:51.935,0.010844,0.464714,-0.123716
12-Mar-2025 11:58:52.035,0.003668,0.453119,-0.128355
12-Mar-2025 11:58:52.134,0.007942,0.412139,-0.123541
12-Mar-2025 11:58:52.234,0.003319,0.388987,-0.115134
12-Mar-2025 11:58:52.334,-0.00314,0.393253,-0.10309
12-Mar-2025 11:58:52.433,0.000111,0.450602,-0.106921
12-Mar-2025 11:58:52.533,-0.000137,0.506396,-0.121294
12-Mar-2025 11:58:52.632,-0.01281,0.52986,-0.138852
12-Mar-2025 11:58:52.732,-0.008903,0.494386,-0.12936
12-Mar-2025 11:58:52.832,0.00474,0.440981,-0.11872
12-Mar-2025 11:58:52.931,0.012373,0.414783,-0.101214
12-Mar-2025 11:58:53.031,0.006963,0.480015,-0.10544
12-Mar-2025 11:58:53.130,0.003716,0.546922,-0.130326
12-Mar-2025 11:58:53.230,-3.2e-05,0.585047,-0.151909
12-Mar-2025 11:58:53.329,0.009693,0.607105,-0.167052
12-Mar-2025 11:58:53.429,0.004539,0.606603,-0.173264
12-Mar-2025 11:58:53.529,0.003809,0.637634,-0.171128
12-Mar-2025 11:58:53.628,0.005313,0.642317,-0.166609
12-Mar-2025 11:58:53.728,-0.005016,0.614747,-0.154865
12-Mar-2025 11:58:53.827,-6.9e-05,0.591638,-0.152723
12-Mar-2025 11:58:53.927,0.004918,0.580379,-0.150739
12-Mar-2025 11:58:54.027,0.003955,0.569217,-0.147877
12-Mar-2025 11:58:54.126,-0.002296,0.572919,-0.146342
12-Mar-2025 11:58:54.226,-0.00478,0.56406,-0.141652
12-Mar-2025 11:58:54.325,0.002246,0.568404,-0.143937
12-Mar-2025 11:58:54.425,-0.001296,0.572285,-0.144189
12-Mar-2025 11:58:54.524,0.018528,0.570492,-0.148465
12-Mar-2025 11:58:54.624,0.001142,0.560717,-0.151035
12-Mar-2025 11:58:54.724,0.003896,0.553922,-0.144959
12-Mar-2025 11:58:54.823,0.002603,0.526794,-0.137715
12-Mar-2025 11:58:54.923,-0.00886,0.519983,-0.129042
12-Mar-2025 11:58:55.022,0.010871,0.49441,-0.12868
12-Mar-2025 11:58:55.122,0.000194,0.503553,-0.126754
12-Mar-2025 11:58:55.221,-3.1e-05,0.519676,-0.13676
12-Mar-2025 11:58:55.321,0.007893,0.522465,-0.138667
12-Mar-2025 11:58:55.421,0.000745,0.525235,-0.142213
12-Mar-2025 11:58:55.520,-0.008613,0.543655,-0.140267
12-Mar-2025 11:58:55.620,0.012464,0.56797,-0.144813
12-Mar-2025 11:58:55.719,0.013565,0.572873,-0.151132
12-Mar-2025 11:58:55.819,0.001518,0.570162,-0.144319
12-Mar-2025 11:58:55.919,0.004272,0.540259,-0.146884
12-Mar-2025 11:58:56.018,-0.00087,0.515067,-0.136626
12-Mar-2025 11:58:56.118,-0.008921,0.50146,-0.125056
12-Mar-2025 11:58:56.217,0.008475,0.483927,-0.121516
12-Mar-2025 11:58:56.317,0.007881,0.46679,-0.120224
12-Mar-2025 11:58:56.416,-0.000705,0.43524,-0.110741
12-Mar-2025 11:58:56.516,0.001802,0.409742,-0.10338
12-Mar-2025 11:58:56.616,0.004513,0.398238,-0.098042
12-Mar-2025 11:58:56.715,0.000568,0.373532,-0.095344
12-Mar-2025 11:58:56.815,0.006849,0.335935,-0.087128
12-Mar-2025 11:58:56.914,-0.003688,0.31121,-0.07974
12-Mar-2025 11:58:57.014,-0.008193,0.249989,-0.065435
12-Mar-2025 11:58:57.114,-0.011902,0.204938,-0.05055
12-Mar-2025 11:58:57.213,-0.004972,0.151161,-0.028787
12-Mar-2025 11:58:57.313,0.004242,0.094176,-0.014404
12-Mar-2025 11:58:57.412,0.005574,0.017061,-0.003096
12-Mar-2025 11:58:57.512,-0.001336,-0.019971,0.007826
12-Mar-2025 11:58:57.611,0.011415,-0.060752,0.017448
12-Mar-2025 11:58:57.711,0.007227,-0.062529,0.021445
12-Mar-2025 11:58:57.811,-0.001235,-0.058032,0.021341
12-Mar-2025 11:58:57.910,-0.002883,-0.048018,0.019148
12-Mar-2025 11:58:58.010,0.008419,-0.01654,0.014014
12-Mar-2025 11:58:58.109,-0.006326,0.006128,-0.001737
12-Mar-2025 11:58:58.209,-0.007045,-0.008147,0.00025
12-Mar-2025 11:58:58.309,-0.000323,-0.007928,0.005515
12-Mar-2025 11:58:58.408,0.008359,-0.006082,0.008987
12-Mar-2025 11:58:58.508,-0.001038,-0.002728,0.010354
12-Mar-2025 11:58:58.607,-0.003196,-0.003261,0.005742
12-Mar-2025 11:58:58.707,-0.00165,-0.002701,0.001727
12-Mar-2025 11:58:58.806,0.005275,-0.006257,0.003074
12-Mar-2025 11:58:58.906,0.003283,-0.008748,0.005673
12-Mar-2025 11:58:59.006,-0.004376,-0.004378,0.007589
12-Mar-2025 11:58:59.105,-0.001641,-0.003173,0.008774
12-Mar-2025 11:58:59.205,0.004312,-0.003834,0.005394
12-Mar-2025 11:58:59.304,0.004568,-0.007642,0.001381
12-Mar-2025 11:58:59.404,-0.002376,-0.00491,0.001699
12-Mar-2025 11:58:59.503,-0.001272,-0.002018,0.006905
12-Mar-2025 11:58:59.603,0.001046,-0.005255,0.007759
12-Mar-2025 11:58:59.703,0.002633,-0.002674,0.005104
12-Mar-2025 11:58:59.802,0.001568,-0.006087,0.002011
12-Mar-2025 11:58:59.902,-0.001386,-0.005216,0.006448
12-Mar-2025 11:59:00.001,-0.001216,-0.005827,0.003908
12-Mar-2025 11:59:00.101,0.002581,-0.018521,0.009526
12-Mar-2025 11:59:00.201,-0.000549,-0.039372,0.013221
12-Mar-2025 11:59:00.300,-0.000899,-0.048039,0.014756
12-Mar-2025 11:59:00.400,0.003178,-0.064331,0.019956
12-Mar-2025 11:59:00.499,0.003106,-0.078191,0.024688
12-Mar-2025 11:59:00.599,-0.009511,-0.087336,0.029614
12-Mar-2025 11:59:00.698,0.001935,-0.106415,0.033102
12-Mar-2025 11:59:00.798,0.003449,-0.122628,0.036051
12-Mar-2025 11:59:00.898,-0.009287,-0.153458,0.042114
12-Mar-2025 11:59:00.997,0.002079,-0.187831,0.060218
12-Mar-2025 11:59:01.097,0.003786,-0.205552,0.070102
12-Mar-2025 11:59:01.196,-0.006427,-0.205151,0.074354
12-Mar-2025 11:59:01.296,-0.006731,-0.198187,0.070913
12-Mar-2025 11:59:01.396,0.001907,-0.204981,0.062755
12-Mar-2025 11:59:01.495,0.012394,-0.220001,0.065924
12-Mar-2025 11:59:01.595,-0.008889,-0.279762,0.065932
12-Mar-2025 11:59:01.694,0.008423,-0.350212,0.091249
12-Mar-2025 11:59:01.794,0.012931,-0.428549,0.108472
12-Mar-2025 11:59:01.893,-0.010536,-0.459163,0.133124
12-Mar-2025 11:59:01.993,-0.026551,-0.489512,0.145605
12-Mar-2025 11:59:02.093,0.013341,-0.518833,0.149787
12-Mar-2025 11:59:02.192,0.012668,-0.516381,0.144235
12-Mar-2025 11:59:02.292,-0.008141,-0.484459,0.133327
12-Mar-2025 11:59:02.391,-0.001169,-0.462231,0.127939
12-Mar-2025 11:59:02.491,0.003128,-0.44412,0.118602
12-Mar-2025 11:59:02.591,-0.006162,-0.419265,0.113552
12-Mar-2025 11:59:02.690,-0.010462,-0.397619,0.111054
12-Mar-2025 11:59:02.790,0.005794,-0.400329,0.103356
12-Mar-2025 11:59:02.889,0.000912,-0.406319,0.108593
12-Mar-2025 11:59:02.989,-0.008329,-0.399828,0.113119
12-Mar-2025 11:59:03.088,0.000962,-0.391496,0.113366
12-Mar-2025 11:59:03.188,0.002064,-0.39565,0.113254
12-Mar-2025 11:59:03.288,-0.006918,-0.405021,0.112574
12-Mar-2025 11:59:03.387,-0.008034,-0.400519,0.109002
12-Mar-2025 11:59:03.487,0.007157,-0.412098,0.108381
12-Mar-2025 11:59:03.586,0.003913,-0.41442,0.115844
12-Mar-2025 11:59:03.686,-0.004939,-0.424719,0.119024
12-Mar-2025 11:59:03.785,-0.004511,-0.435611,0.123317
12-Mar-2025 11:59:03.885,0.008252,-0.431621,0.11826
12-Mar-2025 11:59:03.985,-0.001127,-0.421173,0.119208
12-Mar-2025 11:59:04.084,-0.01091,-0.405561,0.111239
12-Mar-2025 11:59:04.184,0.001193,-0.380318,0.110451
12-Mar-2025 11:59:04.283,0.004961,-0.359535,0.10464
12-Mar-2025 11:59:04.383,-0.018291,-0.30843,0.093353
12-Mar-2025 11:59:04.483,-0.020306,-0.232223,0.075876
12-Mar-2025 11:59:04.582,0.004251,-0.142999,0.048684
12-Mar-2025 11:59:04.682,0.013902,-0.059502,0.01803
12-Mar-2025 11:59:04.781,0.010653,0.004486,-0.008387
12-Mar-2025 11:59:04.881,-0.004998,0.040666,-0.016726
12-Mar-2025 11:59:04.980,-0.005275,0.061264,-0.018399
12-Mar-2025 11:59:05.080,-0.007332,0.051541,-0.009156
12-Mar-2025 11:59:05.180,0.006602,0.030395,-0.004694
12-Mar-2025 11:59:05.279,0.005857,0.008725,0.00196
12-Mar-2025 11:59:05.379,0.003002,-0.005841,0.006765
12-Mar-2025 11:59:05.478,-0.005669,-0.005193,0.004622
12-Mar-2025 11:59:05.578,-0.002397,-0.004733,0.006573
12-Mar-2025 11:59:05.678,0.004786,-0.006238,0.005419
12-Mar-2025 11:59:05.777,0.002048,-0.007495,0.004167
12-Mar-2025 11:59:05.877,-0.002779,-0.004673,0.005906
12-Mar-2025 11:59:05.976,-0.003055,-0.007339,0.007608
12-Mar-2025 11:59:06.076,0.003473,-0.007192,0.006025
12-Mar-2025 11:59:06.175,-0.000507,-0.016655,0.007622
12-Mar-2025 11:59:06.275,0.001147,-0.032797,0.009894
12-Mar-2025 11:59:06.375,-0.003682,-0.053063,0.017072
12-Mar-2025 11:59:06.474,-0.001377,-0.060442,0.021079
12-Mar-2025 11:59:06.574,-0.003456,-0.075986,0.02807
12-Mar-2025 11:59:06.673,-0.003142,-0.110248,0.028089
12-Mar-2025 11:59:06.773,0.000743,-0.145018,0.039802
12-Mar-2025 11:59:06.872,0.001846,-0.193933,0.056328
12-Mar-2025 11:59:06.972,-0.008754,-0.235601,0.065693
12-Mar-2025 11:59:07.072,0.002853,-0.284977,0.08047
12-Mar-2025 11:59:07.171,-0.000259,-0.321481,0.088381
12-Mar-2025 11:59:07.271,0.006206,-0.366257,0.100077
12-Mar-2025 11:59:07.370,-0.005032,-0.42082,0.113665
12-Mar-2025 11:59:07.470,-0.006316,-0.457938,0.127604
12-Mar-2025 11:59:07.570,-0.000529,-0.474791,0.136115
12-Mar-2025 11:59:07.669,0.004631,-0.493893,0.140905
12-Mar-2025 11:59:07.769,-0.008217,-0.506421,0.136549
12-Mar-2025 11:59:07.868,-0.005228,-0.503116,0.136602
12-Mar-2025 11:59:07.967,0.0039,-0.498509,0.138376
12-Mar-2025 11:59:08.067,-0.01033,-0.489478,0.132649
12-Mar-2025 11:59:08.167,-0.003958,-0.486164,0.14065
12-Mar-2025 11:59:08.267,0.007479,-0.47719,0.13351
12-Mar-2025 11:59:08.366,-0.005896,-0.492738,0.129908
12-Mar-2025 11:59:08.466,-0.008666,-0.490625,0.134422
12-Mar-2025 11:59:08.565,-0.007714,-0.476132,0.130578
12-Mar-2025 11:59:08.665,0.012785,-0.487676,0.134479
12-Mar-2025 11:59:08.765,-0.008116,-0.476314,0.132431
12-Mar-2025 11:59:08.864,-0.005781,-0.459482,0.125799
12-Mar-2025 11:59:08.964,0.011704,-0.473371,0.125048
12-Mar-2025 11:59:09.063,0.004058,-0.485317,0.130587
12-Mar-2025 11:59:09.163,-0.009214,-0.467333,0.135115
12-Mar-2025 11:59:09.262,0.00502,-0.479049,0.134077
12-Mar-2025 11:59:09.362,0.006093,-0.494975,0.135938
12-Mar-2025 11:59:09.462,-0.00736,-0.528951,0.142776
12-Mar-2025 11:59:09.561,0.008639,-0.562982,0.151186
12-Mar-2025 11:59:09.661,-0.015305,-0.552757,0.160094
12-Mar-2025 11:59:09.760,-0.017034,-0.555859,0.164159
12-Mar-2025 11:59:09.860,-0.016499,-0.507507,0.157135
12-Mar-2025 11:59:09.960,-0.01074,-0.438538,0.129344
12-Mar-2025 11:59:10.059,-0.006832,-0.339342,0.097725
12-Mar-2025 11:59:10.159,0.000981,-0.243849,0.060774
12-Mar-2025 11:59:10.258,-0.001393,-0.138219,0.036385
12-Mar-2025 11:59:10.358,0.000849,-0.035833,0.009507
12-Mar-2025 11:59:10.457,0.0007,0.030115,-0.00409
12-Mar-2025 11:59:10.557,0.000756,0.061624,-0.020059
12-Mar-2025 11:59:10.657,0.00296,0.057695,-0.021326
12-Mar-2025 11:59:10.756,-0.003043,0.046351,-0.017614
12-Mar-2025 11:59:10.856,0.001684,0.027923,-0.0068
12-Mar-2025 11:59:10.955,0.003465,0.01011,0.0017
12-Mar-2025 11:59:11.055,-0.001008,-0.001239,0.008973
12-Mar-2025 11:59:11.154,-0.002005,-0.007024,0.008832
12-Mar-2025 11:59:11.254,0.002529,-0.005448,0.006175
12-Mar-2025 11:59:11.354,-0.00089,-0.002684,0.002375
12-Mar-2025 11:59:11.453,0.001899,-0.006452,0.00103
12-Mar-2025 11:59:11.553,-0.001051,-0.004309,0.005231
12-Mar-2025 11:59:11.652,-0.002166,-0.00601,0.005635
12-Mar-2025 11:59:11.752,0.001148,-0.006472,0.006958
12-Mar-2025 11:59:11.852,0.000769,-0.017065,0.006555
12-Mar-2025 11:59:11.950,-0.000365,-0.024532,0.008966
12-Mar-2025 11:59:12.051,0.002918,-0.047476,0.015174
12-Mar-2025 11:59:12.150,-0.003679,-0.056671,0.022089
12-Mar-2025 11:59:12.250,0.000891,-0.086694,0.025523
12-Mar-2025 11:59:12.349,0.004026,-0.121714,0.037047
12-Mar-2025 11:59:12.449,-0.000107,-0.153106,0.044422
12-Mar-2025 11:59:12.549,-0.004533,-0.174843,0.054522
12-Mar-2025 11:59:12.648,0.000966,-0.196927,0.058263
12-Mar-2025 11:59:12.748,-0.003121,-0.227794,0.06588
12-Mar-2025 11:59:12.847,0.002711,-0.28308,0.075951
12-Mar-2025 11:59:12.947,0.00199,-0.340174,0.087814
12-Mar-2025 11:59:13.047,-0.006448,-0.39332,0.10833
12-Mar-2025 11:59:13.146,0.005923,-0.427649,0.11816
12-Mar-2025 11:59:13.246,0.001641,-0.469063,0.135566
12-Mar-2025 11:59:13.345,-0.012267,-0.480786,0.132655
12-Mar-2025 11:59:13.445,0.005113,-0.499393,0.136546
12-Mar-2025 11:59:13.544,0.001356,-0.512388,0.139906
12-Mar-2025 11:59:13.644,-0.003407,-0.509706,0.14149
12-Mar-2025 11:59:13.744,0.004647,-0.507553,0.139911
12-Mar-2025 11:59:13.843,-0.006745,-0.502282,0.138301
12-Mar-2025 11:59:13.943,-0.003703,-0.504599,0.139983
12-Mar-2025 11:59:14.042,-0.007678,-0.516901,0.143047
12-Mar-2025 11:59:14.142,-0.005712,-0.506019,0.146116
12-Mar-2025 11:59:14.241,0.001894,-0.524706,0.146345
12-Mar-2025 11:59:14.341,-0.006593,-0.529996,0.146716
12-Mar-2025 11:59:14.441,-0.000283,-0.531532,0.1463
12-Mar-2025 11:59:14.540,5.1e-05,-0.532377,0.144808
12-Mar-2025 11:59:14.640,-0.010892,-0.505179,0.142925
12-Mar-2025 11:59:14.739,-0.001959,-0.511781,0.132149
12-Mar-2025 11:59:14.839,-0.004172,-0.501835,0.136772
12-Mar-2025 11:59:14.939,-0.004491,-0.49643,0.134806
12-Mar-2025 11:59:15.038,0.003686,-0.51171,0.140603
12-Mar-2025 11:59:15.138,-0.002441,-0.490774,0.144967
12-Mar-2025 11:59:15.237,-0.002942,-0.485146,0.136776
12-Mar-2025 11:59:15.337,-0.002827,-0.480522,0.133871
12-Mar-2025 11:59:15.436,-0.014201,-0.462502,0.126199
12-Mar-2025 11:59:15.536,0.003508,-0.454137,0.130962
12-Mar-2025 11:59:15.636,0.001901,-0.413294,0.119861
12-Mar-2025 11:59:15.735,-0.001923,-0.332071,0.103539
12-Mar-2025 11:59:15.835,0.001352,-0.256782,0.075927
12-Mar-2025 11:59:15.934,0.001069,-0.183195,0.050373
12-Mar-2025 11:59:16.034,-0.00758,-0.094022,0.023144
12-Mar-2025 11:59:16.134,0.002851,-0.02173,0.006236
12-Mar-2025 11:59:16.233,0.002352,0.029089,-0.008485
12-Mar-2025 11:59:16.333,-0.000389,0.050091,-0.010581
12-Mar-2025 11:59:16.432,-0.000587,0.047393,-0.015052
12-Mar-2025 11:59:16.532,0.003082,0.027739,-0.007058
12-Mar-2025 11:59:16.631,-0.000941,0.010899,-6.3e-05
12-Mar-2025 11:59:16.731,-0.000641,-0.001748,0.007442
12-Mar-2025 11:59:16.831,-0.002508,-0.00962,0.011308
12-Mar-2025 11:59:16.930,0.001246,-0.004809,0.007972
12-Mar-2025 11:59:17.030,-0.000655,-0.002683,0.004868
12-Mar-2025 11:59:17.129,-0.001577,-0.003154,0.002651
12-Mar-2025 11:59:17.229,0.002547,-0.004883,0.003217
12-Mar-2025 11:59:17.329,0.002765,-0.00524,0.007346
12-Mar-2025 11:59:17.428,0.001037,-0.005113,0.007282
12-Mar-2025 11:59:17.528,-0.00198,-0.002996,0.004266
12-Mar-2025 11:59:17.627,7.6e-05,-0.006721,0.004467
12-Mar-2025 11:59:17.727,-0.0004,-0.00483,0.002564
12-Mar-2025 11:59:17.826,-0.000154,-0.004181,0.002718
12-Mar-2025 11:59:17.926,-0.003146,-0.004487,0.006729
12-Mar-2025 11:59:18.026,-0.001247,-0.002028,0.007171
12-Mar-2025 11:59:18.125,-0.000505,-0.018226,0.007715
12-Mar-2025 11:59:18.225,0.001288,-0.03364,0.011016
12-Mar-2025 11:59:18.324,-0.001416,-0.052859,0.01639
12-Mar-2025 11:59:18.424,-0.001931,-0.065453,0.02489
12-Mar-2025 11:59:18.523,-0.000978,-0.092035,0.032147
12-Mar-2025 11:59:18.623,0.001524,-0.128866,0.035169
12-Mar-2025 11:59:18.723,-0.007819,-0.161597,0.043648
12-Mar-2025 11:59:18.822,-0.004226,-0.193845,0.052938
12-Mar-2025 11:59:18.922,-0.000133,-0.23029,0.063576
12-Mar-2025 11:59:19.021,-0.000368,-0.285312,0.081115
12-Mar-2025 11:59:19.121,-0.000112,-0.326594,0.094012
12-Mar-2025 11:59:19.221,-0.003254,-0.385868,0.107424
12-Mar-2025 11:59:19.320,-0.005337,-0.429095,0.121484
12-Mar-2025 11:59:19.420,0.002089,-0.466697,0.128475
12-Mar-2025 11:59:19.519,0.000863,-0.515755,0.13914
12-Mar-2025 11:59:19.619,-0.007213,-0.52343,0.147948
12-Mar-2025 11:59:19.718,-0.000315,-0.536149,0.152896
12-Mar-2025 11:59:19.818,-0.004324,-0.540794,0.156921
12-Mar-2025 11:59:19.918,-0.005676,-0.534029,0.155178
12-Mar-2025 11:59:20.017,-8e-05,-0.538989,0.145001
12-Mar-2025 11:59:20.117,-0.008053,-0.535532,0.142452
12-Mar-2025 11:59:20.216,-0.012252,-0.523193,0.143422
12-Mar-2025 11:59:20.316,0.005267,-0.522443,0.145599
12-Mar-2025 11:59:20.416,-0.005465,-0.521231,0.147142
12-Mar-2025 11:59:20.515,-0.001752,-0.52504,0.145586
12-Mar-2025 11:59:20.615,0.002233,-0.54825,0.151227
12-Mar-2025 11:59:20.714,-0.008416,-0.526028,0.152713
12-Mar-2025 11:59:20.814,-0.010031,-0.5211,0.14869
12-Mar-2025 11:59:20.913,-0.000511,-0.528094,0.13731
12-Mar-2025 11:59:21.013,-0.007897,-0.540779,0.139426
12-Mar-2025 11:59:21.113,-0.004169,-0.548478,0.145924
12-Mar-2025 11:59:21.212,0.004579,-0.551895,0.148815
12-Mar-2025 11:59:21.312,-0.009837,-0.537151,0.150789
12-Mar-2025 11:59:21.411,-0.012952,-0.520449,0.149986
12-Mar-2025 11:59:21.511,-0.004611,-0.516403,0.142488
12-Mar-2025 11:59:21.610,-0.003425,-0.497378,0.131718
12-Mar-2025 11:59:21.710,-0.009472,-0.470096,0.133617
12-Mar-2025 11:59:21.810,-0.002618,-0.401807,0.118165
12-Mar-2025 11:59:21.909,0.008438,-0.335011,0.102262
12-Mar-2025 11:59:22.009,-0.003128,-0.256041,0.075708
12-Mar-2025 11:59:22.108,-0.005211,-0.179437,0.050973
12-Mar-2025 11:59:22.208,0.000711,-0.114307,0.030007
12-Mar-2025 11:59:22.308,0.001429,-0.059847,0.013737
12-Mar-2025 11:59:22.407,0.004308,-0.023825,0.008162
12-Mar-2025 11:59:22.507,-0.000385,0.001017,0.002312
12-Mar-2025 11:59:22.606,-0.008837,0.012148,0.003294
12-Mar-2025 11:59:22.706,-0.000604,0.009947,0.001928
12-Mar-2025 11:59:22.805,0.001426,0.008244,0.000475
12-Mar-2025 11:59:22.905,-0.00201,-0.001321,0.003065
12-Mar-2025 11:59:23.005,0.00106,-0.009014,0.007264
12-Mar-2025 11:59:23.104,-0.001814,-0.008988,0.011798
12-Mar-2025 11:59:23.204,-0.00121,-0.007328,0.008063
12-Mar-2025 11:59:23.303,0.004638,-0.008735,0.005079
12-Mar-2025 11:59:23.403,-0.000136,-0.006235,0.004267
12-Mar-2025 11:59:23.503,4e-05,-0.005041,0.004211
12-Mar-2025 11:59:23.602,0.000407,-0.000863,0.005686
12-Mar-2025 11:59:23.702,0.001736,-0.001641,0.007514
12-Mar-2025 11:59:23.801,-0.002624,-0.007474,0.006099
12-Mar-2025 11:59:23.901,0.001409,-0.006698,0.006954
12-Mar-2025 11:59:24.000,4.2e-05,-0.006811,0.004566
12-Mar-2025 11:59:24.100,0.001326,-0.007024,0.007481
12-Mar-2025 11:59:24.200,0.001526,-0.004812,0.003569
12-Mar-2025 11:59:24.299,0.000153,-0.003357,0.005163
12-Mar-2025 11:59:24.399,0.001259,-0.005451,0.00778
12-Mar-2025 11:59:24.498,0.001769,-0.013954,0.009612
12-Mar-2025 11:59:24.598,-0.001532,-0.031054,0.010741
12-Mar-2025 11:59:24.697,-0.00215,-0.048118,0.014173
12-Mar-2025 11:59:24.797,0.000229,-0.059676,0.023219
12-Mar-2025 11:59:24.897,-0.001508,-0.083412,0.025424
12-Mar-2025 11:59:24.996,-0.002584,-0.103779,0.031137
12-Mar-2025 11:59:25.096,-0.005336,-0.123417,0.036649
12-Mar-2025 11:59:25.195,-0.004301,-0.147689,0.040366
12-Mar-2025 11:59:25.295,0.005543,-0.177777,0.051034
12-Mar-2025 11:59:25.395,-0.000437,-0.222094,0.061799
12-Mar-2025 11:59:25.494,-0.001096,-0.266779,0.076598
12-Mar-2025 11:59:25.594,-0.001192,-0.318788,0.084097
12-Mar-2025 11:59:25.693,0.000207,-0.37585,0.100915
12-Mar-2025 11:59:25.793,0.000333,-0.422252,0.1172
12-Mar-2025 11:59:25.892,-0.006463,-0.469571,0.131009
12-Mar-2025 11:59:25.992,-0.005259,-0.507392,0.140289
12-Mar-2025 11:59:26.092,0.00124,-0.544461,0.151158
12-Mar-2025 11:59:26.191,-0.003116,-0.55289,0.149067
12-Mar-2025 11:59:26.291,-0.006877,-0.562079,0.152693
12-Mar-2025 11:59:26.390,0.002589,-0.588452,0.157947
12-Mar-2025 11:59:26.490,-0.001549,-0.595416,0.167233
12-Mar-2025 11:59:26.590,-0.000122,-0.62541,0.173757
12-Mar-2025 11:59:26.689,0.000358,-0.612004,0.176186
12-Mar-2025 11:59:26.789,-0.013105,-0.606231,0.172101
12-Mar-2025 11:59:26.888,-0.007867,-0.600492,0.165309
12-Mar-2025 11:59:26.988,-0.006001,-0.604672,0.155757
12-Mar-2025 11:59:27.087,-0.005514,-0.607073,0.160082
12-Mar-2025 11:59:27.187,0.002079,-0.630803,0.166741
12-Mar-2025 11:59:27.287,0.009242,-0.635072,0.179197
12-Mar-2025 11:59:27.386,-0.024665,-0.595179,0.173568
12-Mar-2025 11:59:27.486,-0.007596,-0.610227,0.175028
12-Mar-2025 11:59:27.585,0.010932,-0.572108,0.155306
12-Mar-2025 11:59:27.685,-0.013865,-0.527148,0.140257
12-Mar-2025 11:59:27.784,-0.011695,-0.452829,0.126052
12-Mar-2025 11:59:27.884,-0.017109,-0.358158,0.101533
12-Mar-2025 11:59:27.984,-0.010543,-0.29003,0.082931
12-Mar-2025 11:59:28.083,-0.010474,-0.21128,0.056562
12-Mar-2025 11:59:28.183,0.008269,-0.128655,0.033647
12-Mar-2025 11:59:28.282,0.005937,-0.035684,0.012352
12-Mar-2025 11:59:28.382,0.004226,0.024229,-0.003504
12-Mar-2025 11:59:28.482,-0.001898,0.059501,-0.015046
12-Mar-2025 11:59:28.581,0.008322,0.050831,-0.019163
12-Mar-2025 11:59:28.681,0.00363,0.049771,-0.016447
12-Mar-2025 11:59:28.780,0.000804,0.044846,-0.007677
12-Mar-2025 11:59:28.880,-0.001388,0.029063,-0.002531
12-Mar-2025 11:59:28.979,0.007539,-0.021766,0.005444
12-Mar-2025 11:59:29.079,-0.010364,-0.00759,0.012547
12-Mar-2025 11:59:29.179,-0.006107,-0.000303,0.004592
12-Mar-2025 11:59:29.278,0.006244,-0.004043,0.005137
12-Mar-2025 11:59:29.378,0.003159,-0.010292,0.003085
12-Mar-2025 11:59:29.477,-0.003241,-0.000798,0.00395
12-Mar-2025 11:59:29.577,-0.002834,-0.002069,0.006679
12-Mar-2025 11:59:29.677,0.000397,-0.00455,0.007797
12-Mar-2025 11:59:29.776,0.007725,-0.007961,0.007064
12-Mar-2025 11:59:29.876,-0.000239,-0.003852,0.004749
12-Mar-2025 11:59:29.975,-0.001956,-0.002305,0.003229
12-Mar-2025 11:59:30.075,-0.002409,-0.005559,0.00577
12-Mar-2025 11:59:30.174,0.005194,-0.006801,0.002299
12-Mar-2025 11:59:30.274,0.001589,-0.005079,0.004249
12-Mar-2025 11:59:30.374,-0.002147,-0.00468,0.005481
12-Mar-2025 11:59:30.473,0.002998,-0.005814,0.006434
12-Mar-2025 11:59:30.573,0.002515,-0.007513,0.00163
12-Mar-2025 11:59:30.672,0.001215,-0.004555,0.003905
12-Mar-2025 11:59:30.772,-0.002274,-0.004994,0.005725
12-Mar-2025 11:59:30.871,-0.002275,-0.004648,0.006288
12-Mar-2025 11:59:30.971,0.00545,-0.005446,0.007399
12-Mar-2025 11:59:31.071,0.001781,-0.005295,0.005948
12-Mar-2025 11:59:31.170,-0.00097,-0.005319,0.003162
12-Mar-2025 11:59:31.270,-0.001541,-0.00199,0.004214
12-Mar-2025 11:59:31.369,0.001005,-0.007347,0.007073
12-Mar-2025 11:59:31.469,0.005866,-0.00545,0.006723
12-Mar-2025 11:59:31.569,-0.000322,-0.005137,0.004984
12-Mar-2025 11:59:31.668,-0.000198,-0.004985,0.004478
12-Mar-2025 11:59:31.768,0.000424,-0.004053,0.002921
12-Mar-2025 11:59:31.867,0.001499,-0.007392,0.004159
12-Mar-2025 11:59:31.967,-0.001451,-0.005713,0.002485
12-Mar-2025 11:59:32.066,-0.002364,-0.004634,0.006639
12-Mar-2025 11:59:32.166,-0.000501,-0.005121,0.004541
12-Mar-2025 11:59:32.266,-0.001435,-0.006078,0.000407
12-Mar-2025 11:59:32.365,0.000902,-0.00327,0.003634
12-Mar-2025 11:59:32.465,-0.002999,-0.003805,0.005422
12-Mar-2025 11:59:32.564,-0.000444,-0.004765,0.003888
12-Mar-2025 11:59:32.664,0.002154,-0.004658,0.004113
12-Mar-2025 11:59:32.764,0.001037,-0.006585,0.004874
12-Mar-2025 11:59:32.863,-0.001413,-0.005549,0.003532
12-Mar-2025 11:59:32.963,-0.000997,-0.003577,0.005481
12-Mar-2025 11:59:33.062,0.003397,-0.004528,0.005704
12-Mar-2025 11:59:33.162,-4.7e-05,-0.004174,0.002975
12-Mar-2025 11:59:33.261,-0.001119,-0.006369,0.004599
12-Mar-2025 11:59:33.361,-0.002633,-0.003858,0.008391
12-Mar-2025 11:59:33.461,-0.000977,-0.005314,0.004424
12-Mar-2025 11:59:33.560,0.002591,-0.003308,0.005829
12-Mar-2025 11:59:33.660,-0.000356,-0.004923,0.006206
12-Mar-2025 11:59:33.759,-2.3e-05,-0.005173,0.00519
12-Mar-2025 11:59:33.859,-0.001032,-0.004071,0.004245
12-Mar-2025 11:59:33.958,0.000972,-0.005373,0.006898
12-Mar-2025 11:59:34.058,0.002125,-0.007756,0.006522
12-Mar-2025 11:59:34.158,0.00201,-0.005652,0.006738
12-Mar-2025 11:59:34.257,-0.001157,-0.003384,0.002468
12-Mar-2025 11:59:34.357,4.4e-05,-0.003843,0.005929
12-Mar-2025 11:59:34.456,7.8e-05,-0.007885,0.005341
12-Mar-2025 11:59:34.556,0.003567,-0.00264,0.00414
12-Mar-2025 11:59:34.656,-0.00129,-0.004183,0.005971
12-Mar-2025 11:59:34.755,0.003988,-0.004467,0.00522
12-Mar-2025 11:59:34.855,-0.002433,-0.007546,0.006636
12-Mar-2025 11:59:34.954,-0.002885,-0.006326,0.004998
12-Mar-2025 11:59:35.054,-0.001093,-0.006168,0.005547
12-Mar-2025 11:59:35.153,-0.001274,-0.004465,0.005332
12-Mar-2025 11:59:35.253,0.001553,-0.003994,0.005569
12-Mar-2025 11:59:35.353,0.000311,-0.006905,0.002732
12-Mar-2025 11:59:35.452,-0.000119,-0.004739,0.005307
12-Mar-2025 11:59:35.552,-0.000194,-0.005809,0.005266
12-Mar-2025 11:59:35.651,-0.000782,-0.006184,0.00448
12-Mar-2025 11:59:35.751,-0.001201,-0.007937,0.004751
12-Mar-2025 11:59:35.851,0.000515,-0.00483,0.005853
12-Mar-2025 11:59:35.950,0.000125,-0.005669,0.006483
12-Mar-2025 11:59:36.050,-0.000894,-0.003849,0.002888
12-Mar-2025 11:59:36.149,-0.001459,-0.004156,0.007883
12-Mar-2025 11:59:36.249,0.002034,-0.006787,0.007295
12-Mar-2025 11:59:36.348,-0.000133,-0.004689,0.004357
12-Mar-2025 11:59:36.448,-0.000115,-0.006185,0.004587
12-Mar-2025 11:59:36.548,0.00297,-0.002753,0.004713
12-Mar-2025 11:59:36.647,0.001076,-0.00562,0.004246
12-Mar-2025 11:59:36.747,0.003039,-0.00686,0.003202
12-Mar-2025 11:59:36.846,-0.00097,-0.003943,0.005641
12-Mar-2025 11:59:36.946,0.000589,-0.004919,0.003612
12-Mar-2025 11:59:37.045,0.000745,-0.004482,0.004567
12-Mar-2025 11:59:37.145,-0.001018,-0.005371,0.004053
12-Mar-2025 11:59:37.245,0.000319,-0.003617,0.004247
12-Mar-2025 11:59:37.344,-0.000991,-0.003475,0.005143
12-Mar-2025 11:59:37.444,0.001995,-0.003359,0.003189
12-Mar-2025 11:59:37.543,0.001193,-0.005672,0.005629
12-Mar-2025 11:59:37.643,-0.001486,-0.00497,0.005548
12-Mar-2025 11:59:37.743,0.001112,-0.004099,0.005194
12-Mar-2025 11:59:37.842,0.000819,-0.001298,0.004192
12-Mar-2025 11:59:37.942,-0.000347,-0.001838,0.003405
12-Mar-2025 11:59:38.041,-0.00014,-0.006337,0.004351
12-Mar-2025 11:59:38.141,0.000654,-0.005919,0.003593
12-Mar-2025 11:59:38.240,-0.00215,-0.005139,0.007613
12-Mar-2025 11:59:38.340,-0.001243,-0.006742,0.008343
12-Mar-2025 11:59:38.440,0.002523,-0.007385,0.003131
12-Mar-2025 11:59:38.539,-0.001642,-0.005428,0.008823
12-Mar-2025 11:59:38.639,0.022776,-0.007517,0.628995
12-Mar-2025 11:59:38.738,0.006285,-0.001919,-0.041322
12-Mar-2025 11:59:38.838,0.03642,-0.005454,-0.291983
12-Mar-2025 11:59:38.938,0.626589,0.073362,-2.191628
12-Mar-2025 11:59:39.037,1.605275,0.192772,0.844053
12-Mar-2025 11:59:39.137,-0.837049,0.409104,0.25837
12-Mar-2025 11:59:39.236,-0.850212,-1.655722,0.616838
12-Mar-2025 11:59:39.336,-1.516367,1.542925,-0.331667
12-Mar-2025 11:59:39.435,0.215653,-0.055742,0.004529
12-Mar-2025 11:59:39.535,-2.230302,0.020385,-0.497141
12-Mar-2025 11:59:39.635,-0.689172,-0.620021,-1.4742
12-Mar-2025 11:59:39.734,-1.950943,-2.051104,-0.155145
12-Mar-2025 11:59:39.834,-2.651386,-0.919098,0.829905
12-Mar-2025 11:59:39.933,0.370815,-0.419252,-0.436234
12-Mar-2025 11:59:40.033,-0.093583,0.134664,-0.030917
12-Mar-2025 11:59:40.132,-0.122994,-0.45885,-0.04136
12-Mar-2025 11:59:40.232,0.15595,0.171178,0.04174
12-Mar-2025 11:59:40.332,0.043582,-0.131197,0.013308
12-Mar-2025 11:59:40.431,0.079668,-0.051474,0.044351
12-Mar-2025 11:59:40.531,0.173365,-0.006589,0.021164
12-Mar-2025 11:59:40.630,0.074114,0.058036,0.04346
12-Mar-2025 11:59:40.730,0.052995,0.131335,0.060677
12-Mar-2025 11:59:40.830,0.023371,0.176108,0.130509
12-Mar-2025 11:59:40.929,-0.0488,0.021949,0.060918
